"Code","Name","Category","Unit","Current Stock","Minimum Stock","Cost","Price","Current Stock Value","Current Stock Cost","Amount Sold","Quantity Sold","Profit","Image_Path"
"","Ubre Plus Lata Germa ","Germa","unit","78",0,"3.74","5.6","436.799","291.72","67.2","12","22.32",""
"7896902210912","Amônia Farmax com 12 unidades ","Farmax ","unit","0",0,"13.93","22.9","0","0",0,0,0,""
"","Óleo de Glicerina DLC c/12 2 oz ","De La Cruz","unit","9",0,"14.4","23.4","210.6","129.6","70.2","3","27",""
"","Óleo de Abacate Germa 2 oz - c/12","Germa","unit","3",0,"32.4","45.6","136.8","97.199",0,0,0,"C:\\Users\\abner\\OneDrive\\Documents\\Discover Supply\\kyte_images_optimized\\_leo_de_abacate_germa_2_oz___c_12.webp"
"7896902211063","Óleo de Amêndoas Farmax Display c/12","Farmax ","unit","0",0,"25.9","36.9","0","0",0,0,0,"C:\\Users\\abner\\OneDrive\\Documents\\Discover Supply\\kyte_images_optimized\\_leo_de_am_ndoas_farmax_display_c_12.webp"
"7896902211162","Óleo de Cenoura Farmax Display c/12","Farmax ","unit","32",0,"25.9","36.9","1180.8","828.8","73.8","2","22","C:\\Users\\abner\\OneDrive\\Documents\\Discover Supply\\kyte_images_optimized\\_leo_de_cenoura_farmax_display_c_12.webp"
"","Óleo de Glicerina Idea Display c/12","Ideal","unit","0",0,"17.2","25.8","0","0",0,0,0,"C:\\Users\\abner\\OneDrive\\Documents\\Discover Supply\\kyte_images_optimized\\_leo_de_glicerina_idea_display_c_12.webp"
"","Óleo de Glicerina Farmax Display c/12","Farmax ","unit","0",0,"17.2","29.9","0","0",0,0,0,"C:\\Users\\abner\\OneDrive\\Documents\\Discover Supply\\kyte_images_optimized\\_leo_de_glicerina_farmax_display_c_12.webp"
"","Óleo de Côco Farmax Display c/12","Farmax ","unit","0",0,"19.6","29.9","0","0",0,0,0,"C:\\Users\\abner\\OneDrive\\Documents\\Discover Supply\\kyte_images_optimized\\_leo_de_c_co_farmax_display_c_12.webp"
"","Óleo de Girassol Farmax Display c/12","Farmax ","unit","0",0,"19.6","29.9","0","0",0,0,0,"C:\\Users\\abner\\OneDrive\\Documents\\Discover Supply\\kyte_images_optimized\\_leo_de_girassol_farmax_display_c_12.webp"
"","Solução Fisiológica Farmax 100ml Display c/12","Farmax ","unit","0",0,"11.13","18.95","0","0",0,0,0,"C:\\Users\\abner\\OneDrive\\Documents\\Discover Supply\\kyte_images_optimized\\solu__o_fisiol_gica_farmax_100ml_display_c_12.webp"
"","Solução Fisiológica Farmax 250ml Display c/12","Farmax ","unit","0",0,"18.49","27.75","0","0",0,0,0,"C:\\Users\\abner\\OneDrive\\Documents\\Discover Supply\\kyte_images_optimized\\solu__o_fisiol_gica_farmax_250ml_display_c_12.webp"
"","Óleo Mineral Farmax Display c/12","Farmax ","unit","0",0,"23.94","35.95","0","0",0,0,0,"C:\\Users\\abner\\OneDrive\\Documents\\Discover Supply\\kyte_images_optimized\\_leo_mineral_farmax_display_c_12.webp"
"","Óleo de Banana Idea Display c/12","Ideal","unit","0",0,"17.5","26.9","0","0",0,0,0,"C:\\Users\\abner\\OneDrive\\Documents\\Discover Supply\\kyte_images_optimized\\_leo_de_banana_idea_display_c_12.webp"
"7898911689130","Repos Removedor de Cutículas Display c/6","Repos","unit","0",0,"20.99","29.95","0","0",0,0,0,"C:\\Users\\abner\\OneDrive\\Documents\\Discover Supply\\kyte_images_optimized\\repos_removedor_de_cut_culas_display_c_6.webp"
"","Enxada Tramontinha","Acessórios ","unit","0",0,"14.9","21.9","0","0",0,0,0,"C:\\Users\\abner\\OneDrive\\Documents\\Discover Supply\\kyte_images_optimized\\enxada_tramontinha.webp"
"17896902205243","Amolecedor de Cutícula Farmax c/ 12 Unidades ","Farmax ","unit","0",0,"20.9","32.95","0","0",0,0,0,""
"7898911689376","Amaciante de Cutículas e Calosidade Repos com 6 unidades ","Repos","unit","0",0,"23.09","32.49","0","0",0,0,0,""
"","Pinça Enox Diagonal c/6","Acessórios ","unit","40",0,"11.94","17.95","718","477.599","107.7","6","36.06","C:\\Users\\abner\\OneDrive\\Documents\\Discover Supply\\kyte_images_optimized\\pin_a_enox_diagonal_c_6.webp"
"","Pilão de Alumínio ","Alumínio ","unit","0",0,"5.9","8.85","0","0",0,0,0,""
"7897620001905","Manteiga de Cacau Display c/50","Farmácia ","unit","54",0,"48.59","63.2","3412.8","2623.86","1,872.2","30","464.97",""
"7896234251393","Xarope Canela de Velho ","Suplementos ","unit","0",0,"6.23","8.9","0","0",0,0,0,""
"7898766750375","Xarope Graviola Natuforme 500ml","Suplementos ","unit","83",0,"4.9","7.95","659.85","406.700",0,0,0,"C:\\Users\\abner\\OneDrive\\Documents\\Discover Supply\\kyte_images_optimized\\xarope_graviola_natuforme_500ml.webp"
"","Silicon Mix Oleo Rejenerador 4oz","Silicon Mix","unit","162",0,"3.9","6.95","1125.9","631.8",0,0,0,"C:\\Users\\abner\\OneDrive\\Documents\\Discover Supply\\kyte_images_optimized\\silicon_mix_oleo_rejenerador_4oz.webp"
"","Lixa de Pé Darhma c/ 12","Produtos de Unha ","unit","29",0,"21.59","30.25","877.25","626.11","181.5","6","51.96","C:\\Users\\abner\\OneDrive\\Documents\\Discover Supply\\kyte_images_optimized\\lixa_de_p__darhma_c__12.webp"
"","Po Descolorante Camomila Farmax 50g","Farmax ","unit","0",0,"19.27","29.9","0","0",0,0,0,"C:\\Users\\abner\\OneDrive\\Documents\\Discover Supply\\kyte_images_optimized\\po_descolorante_camomila_farmax_50g.webp"
"","Filtro São João 6 Litros ","Diversos","unit","0",0,"44.03","62","0","0",0,0,0,""
"","Seiva de Alfazema ","Óleo ","unit","0",0,"5.53","8.29","0","0",0,0,0,""
"","Algodão Apólo 25g c/ 20 Unidades ","Farmácia ","unit","8",0,"16.8","24.95","199.6","134.4","49.9","2","16.3",""
"","Cuscuzeira Pequena 2 em 1 - unidade","Alumínio ","unit","27",0,"15.29","21.4","577.8","412.83","561.05","28","171.43","C:\\Users\\abner\\OneDrive\\Documents\\Discover Supply\\kyte_images_optimized\\cuscuzeira_pequena_2_em_1___unidade.webp"
"","Volia Fibra de Vidro ","Produtos de Unha ","unit","0",0,"9.79","13.75","0","0",0,0,0,""
"","Sacola de Chup-Chup","Diversos","unit","0",0,"6.99","10.95","0","0",0,0,0,"C:\\Users\\abner\\OneDrive\\Documents\\Discover Supply\\kyte_images_optimized\\sacola_de_chup_chup.webp"
"","Silicon Mix Perla Tratamento 16oz","Silicon Mix","unit","0",0,"4.25","6.15","0","0",0,0,0,"C:\\Users\\abner\\OneDrive\\Documents\\Discover Supply\\kyte_images_optimized\\silicon_mix_perla_tratamento_16oz.webp"
"","Silicon Mix Perla Tratamento 8oz","Silicon Mix","unit","18",0,"2.55","3.85","69.3","45.9","92.4","24","31.2","C:\\Users\\abner\\OneDrive\\Documents\\Discover Supply\\kyte_images_optimized\\silicon_mix_perla_tratamento_8oz.webp"
"","Silicon Mix Perla Tratamento 36oz","Silicon Mix","unit","0",0,"6.4","9.75","0","0",0,0,0,"C:\\Users\\abner\\OneDrive\\Documents\\Discover Supply\\kyte_images_optimized\\silicon_mix_perla_tratamento_36oz.webp"
"","Silicon Mix Argan Tratamento 8oz","Silicon Mix","unit","68",0,"2.85","4.27","290.359","193.8","51.24","12","17.04","C:\\Users\\abner\\OneDrive\\Documents\\Discover Supply\\kyte_images_optimized\\silicon_mix_argan_tratamento_8oz.webp"
"","Super Termochá 120G","Chás ","unit","84",0,"2.79","5.95","499.8","234.36",0,0,0,"C:\\Users\\abner\\OneDrive\\Documents\\Discover Supply\\kyte_images_optimized\\super_termoch__120g.webp"
"","Algodão Apólo 50g c/ 20 Unidades ","Farmácia ","unit","10",0,"26.46","39.7","397","264.6","158.8","4","52.96",""
"7865599843710","Chá Líquido de Rins 500ml","Suplementos ","unit","0",0,"4.19","6.29","0","0",0,0,0,"C:\\Users\\abner\\OneDrive\\Documents\\Discover Supply\\kyte_images_optimized\\ch__l_quido_de_rins_500ml.webp"
"7898957390106","Vita Seiva Óleo de Rícino c/12","Vita Seiva","unit","0",0,"27.15","38.9","0","0",0,0,0,"C:\\Users\\abner\\OneDrive\\Documents\\Discover Supply\\kyte_images_optimized\\vita_seiva__leo_de_r_cino_c_12.webp"
"","Óleo de Rícino/Babosa Veganos ","Produtos de Cabelo","unit","0",0,"2.79","5.99","0","0",0,0,0,""
"","Sol Natus Chá Alfafa","Chás ","unit","0",0,"13.85","19.95","0","0",0,0,0,"C:\\Users\\abner\\OneDrive\\Documents\\Discover Supply\\kyte_images_optimized\\sol_natus_ch__alfafa.webp"
"","Sol Natus Chá Angico ","Chás ","unit","0",0,"13.85","19.95","0","0",0,0,0,""
"","Sol Natus Chá Anis Estrelado ","Chás ","unit","0",0,"25.19","34.19","0","0","307.71","9","81",""
"","Sol Natus Cha Guaçatonga ","Chás ","unit","0",0,"13.85","19.95","0","0",0,0,0,""
"","Sol Natus Cha Jaborandi","Chás ","unit","218",0,"15.82","22.25","4850.5","3448.76","22.25","1","6.43","C:\\Users\\abner\\OneDrive\\Documents\\Discover Supply\\kyte_images_optimized\\sol_natus_cha_jaborandi.webp"
"","Sol Natus Cha Nogueira ","Chás ","unit","0",0,"13.85","19.95","0","0",0,0,0,""
"","Sol Natus Gengibre Desidratado ","Chás ","unit","0",0,"13.85","20.75","0","0",0,0,0,""
"","Evo Beauty Garlic Gotero 4oz","Produtos de Cabelo","unit","24",0,"8.9","14.45","346.799","213.600",0,0,0,"C:\\Users\\abner\\OneDrive\\Documents\\Discover Supply\\kyte_images_optimized\\evo_beauty_garlic_gotero_4oz.webp"
"","Evo Beauty Onion Leave-In 8oz","Produtos de Cabelo","unit","24",0,"5.6","7.95","190.8","134.399",0,0,0,"C:\\Users\\abner\\OneDrive\\Documents\\Discover Supply\\kyte_images_optimized\\evo_beauty_onion_leave_in_8oz.webp"
"17896229909640","Natuhair Oleo Capilar CBA c/6","Produtos de Cabelo","unit","0",0,"16.75","26.95","0","0",0,0,0,"C:\\Users\\abner\\OneDrive\\Documents\\Discover Supply\\kyte_images_optimized\\natuhair_oleo_capilar_cba_c_6.webp"
"","Cortador de Unha Merheje Disco c/ 12 Unidades ","Produtos de Unha ","unit","3",0,"12.59","18.9","56.699","37.769",0,0,0,""
"0000856105508","Mata Fungos Unha ","Farmácia ","unit","0",0,"4.65","6.95","0","0",0,0,0,""
"","Sal Andrews Classic c/ 50 Envelopes ","Farmácia ","unit","0",0,"15","29.9","0","0",0,0,0,""
"27898522372739","Depilflax Folhas Facial c/ 24 Folhas ","Depilação ","unit","0",0,"3.49","5.25","0","0",0,0,0,""
"","Colgate Escova de Dente Médium Display c/ 12","Higiene Pessoal","unit","10",0,"7.8","11.65","116.5","78","69.9","6","23.1","C:\\Users\\abner\\OneDrive\\Documents\\Discover Supply\\kyte_images_optimized\\colgate_escova_de_dente_m_dium_display_c__12.webp"
"","Bactimicina Lozenges - 3 cartelas com 6 pastilhas ","De La Cruz","unit","0",0,"3.49","5.45","0","0",0,0,0,""
"0024286150518","Super Macho ","De La Cruz","unit","0",0,"6.15","9.49","0","0",0,0,0,""
"0011418218604","Tabcin Gripe e Tosse 64/1","Farmácia ","unit","0",0,"18","25.2","0","0",0,0,0,"C:\\Users\\abner\\OneDrive\\Documents\\Discover Supply\\kyte_images_optimized\\tabcin_gripe_e_tosse_64_1.webp"
"7702011111951","Lollipop de Maracujá Colombina c/24","Balas","unit","0",0,"2.15","3.29","0","0",0,0,0,"C:\\Users\\abner\\OneDrive\\Documents\\Discover Supply\\kyte_images_optimized\\lollipop_de_maracuj__colombina_c_24.webp"
"7702011110800","Lollipop de Morango Colombina c/24","Balas","unit","0",0,"2.4","3.6","0","0",0,0,0,"C:\\Users\\abner\\OneDrive\\Documents\\Discover Supply\\kyte_images_optimized\\lollipop_de_morango_colombina_c_24.webp"
"7702011110794","Lollipop Sortido Colombina c/24 ","Balas","unit","0",0,"2.4","3.6","0","0",0,0,0,""
"7702993031957","Lollipop de Coco Colombina c/24 ","Balas","unit","0",0,"2.5","3.75","0","0",0,0,0,""
"","Pilão de Alumínio Heavy Duty ","Alumínio ","unit","16",0,"7.75","12.75","204","124","63.75","5","25",""
"","Repos Creme Mãos e Pés com Ureia","Higiene Pessoal","unit","0",0,"27.29","38.49","0","0",0,0,0,"C:\\Users\\abner\\OneDrive\\Documents\\Discover Supply\\kyte_images_optimized\\repos_creme_m_os_e_p_s_com_ureia.webp"
"7898281133196","Rolo de Depilar Belle Depil 50m","Depilação ","unit","0",0,"6.65","9.98","0","0",0,0,0,"C:\\Users\\abner\\OneDrive\\Documents\\Discover Supply\\kyte_images_optimized\\rolo_de_depilar_belle_depil_50m.webp"
"","Angels Intimus Gel 16oz - unidade ","Higiene Pessoal","unit","135",0,"4.7","6.99","943.65","634.5",0,0,0,""
"","Filtro São João 8 litros","Diversos","unit","0",0,"46.9","69.9","0","0",0,0,0,"C:\\Users\\abner\\OneDrive\\Documents\\Discover Supply\\kyte_images_optimized\\filtro_s_o_jo_o_8_litros.webp"
"7896902218413","Óleo Semente de Uva 30ml c/ 12","Farmax ","unit","0",0,"8.9","14.49","0","0",0,0,0,"C:\\Users\\abner\\OneDrive\\Documents\\Discover Supply\\kyte_images_optimized\\_leo_semente_de_uva_30ml_c__12.webp"
"7898906795068","Xarope Agrião Farmel","Suplementos ","unit","0",0,"2.92","5.9","0","0",0,0,0,"C:\\Users\\abner\\OneDrive\\Documents\\Discover Supply\\kyte_images_optimized\\xarope_agri_o_farmel.webp"
"","Depilsam Lenços de Depilação c/ 100 Lenços","Depilação ","unit","0",0,"2.94","4.75","0","0",0,0,0,"C:\\Users\\abner\\OneDrive\\Documents\\Discover Supply\\kyte_images_optimized\\depilsam_len_os_de_depila__o_c__100_len_os.webp"
"7898213880686","Bala Própolis Natus Minas - pote com 25 bags ","Balas","unit","0",0,"27.99","39.99","0","0",0,0,0,""
"","Volia Oleo de Melon Hidratante de Cutícula ","Produtos de Unha ","unit","0",0,"6.29","8.95","0","0",0,0,0,""
"7898964247097","Volia Primer Nail Bonder ","Produtos de Unha ","unit","0",0,"6.47","9.15","0","0",0,0,0,""
"","Volia Desidratador de Unhas ","Produtos de Unha ","unit","0",0,"4.01","5.65","0","0",0,0,0,""
"","Volia Top Coat Selante Brilho","Produtos de Unha ","unit","0",0,"10.23","14.5","0","0",0,0,0,"C:\\Users\\abner\\OneDrive\\Documents\\Discover Supply\\kyte_images_optimized\\volia_top_coat_selante_brilho.webp"
"","Volia Top Coat Selante Silver ","Produtos de Unha ","unit","0",0,"10.23","14.5","0","0",0,0,0,""
"","Novex Super Aloe Vera Condicionador 10oz","Novex ","unit","90",0,"2.25","3.4","306","202.5","20.4","6","6.9","C:\\Users\\abner\\OneDrive\\Documents\\Discover Supply\\kyte_images_optimized\\novex_super_aloe_vera_condicionador_10oz.webp"
"","Novex Super Aloe Vera Hair Mask 1kg ","Novex ","unit","54",0,"4.75","7.15","386.1","256.5",0,0,0,""
"","Novex Super Aloe Vera Hair Mask 14oz","Novex ","unit","10",0,"2.4","3.6","36","24",0,0,0,"C:\\Users\\abner\\OneDrive\\Documents\\Discover Supply\\kyte_images_optimized\\novex_super_aloe_vera_hair_mask_14oz.webp"
"","Novex Super Aloe Vera Shampoo 10oz ","Novex ","unit","84",0,"2.25","3.4","285.599","189","20.4","6","6.9",""
"","Novex Super Aloe Vera Jelly 17.6oz","Novex ","unit","0",0,"4.2","6.3","0","0",0,0,0,"C:\\Users\\abner\\OneDrive\\Documents\\Discover Supply\\kyte_images_optimized\\novex_super_aloe_vera_jelly_17_6oz.webp"
"","Novex Super Aloe Vera Leave In 17.6oz ","Novex ","unit","48",0,"4.2","6.3","302.4","201.600",0,0,0,""
"","Novex Brazilian Keratin Concentrated Liquid 8.4oz ","Novex ","unit","0",0,"3.15","4.75","0","0",0,0,0,""
"","Novex Mascara tratamento Keratina 1kg ","Novex ","unit","138",0,"4.75","7.15","986.7","655.5","128.7","18","43.2",""
"","Novex Brazilian Keratin Shampoo 10oz ","Novex ","unit","636",0,"2.25","3.4","2162.4","1431","20.4","6","6.9",""
"","Novex Coconut Oil Conditioner 10oz ","Novex ","unit","0",0,"2.25","3.4","0","0",0,0,0,""
"","Novex Coconut Oil Hair Mask 1kg ","Novex ","unit","0",0,"4.75","7.15","0","0",0,0,0,""
"","Novex Coconut Oil Leave In 10.5oz ","Novex ","unit","0",0,"2.25","3.4","0","0",0,0,0,""
"","Novex Coconut Oil Shampoo 10oz ","Novex ","unit","0",0,"2.25","3.4","0","0",0,0,0,""
"","Novex Collagen Infusion Conditioner 10oz ","Novex ","unit","264",0,"2.25","3.4","897.6","594","20.4","6","6.9",""
"","Novex Collagen Infusion Hair Mask 1kg ","Novex ","unit","126",0,"4.75","7.15","900.900","598.5","128.7","18","43.2",""
"","Novex Collagen Infusion Hair Mask 14oz ","Novex ","unit","24",0,"2.4","3.6","86.4","57.599",0,0,0,""
"","Novex Collagen Infusion Leave In 10.5oz","Novex ","unit","156",0,"2.25","3.4","530.4","351","20.4","6","6.9","C:\\Users\\abner\\OneDrive\\Documents\\Discover Supply\\kyte_images_optimized\\novex_collagen_infusion_leave_in_10_5oz.webp"
"","Novex Collagen Infusion Shampoo 10oz ","Novex ","unit","0",0,"2.25","3.4","0","0",0,0,0,""
"","Novex Collagen Infusion Recharge 2.82oz ","Novex ","unit","119",0,"1.85","2.8","333.2","220.15",0,0,0,""
"","Novex Collagen Infusion Shampoo ","Novex ","unit","240",0,"2.25","3.4","816","540","20.4","6","6.9",""
"","Novex My Little Curls Spray Desembaraçador 4oz","Novex ","unit","0",0,"2.65","3.99","0","0",0,0,0,"C:\\Users\\abner\\OneDrive\\Documents\\Discover Supply\\kyte_images_optimized\\novex_my_little_curls_spray_desembara_ador_4oz.webp"
"","Palito de Dente c/3 ","Diversos","unit","0",0,"0.85","1.39","0","0",0,0,0,""
"","Panela de pressão 3 litros Uniware","Panelas","unit","0",0,"24.5","29.95","0","0",0,0,0,"C:\\Users\\abner\\OneDrive\\Documents\\Discover Supply\\kyte_images_optimized\\panela_de_press_o_3_litros_uniware.webp"
"","Panela de Pressão 5 litros uniware","","unit","0",0,"27.75","39.95","0","0",0,0,0,"C:\\Users\\abner\\OneDrive\\Documents\\Discover Supply\\kyte_images_optimized\\panela_de_press_o_5_litros_uniware.webp"
"","Pomada Quadriderm ","Pomadas","unit","0",0,"16.95","24.49","0","0",0,0,0,""
"","Levedo de Cerveja Sol Natus ","Suplementos ","unit","0",0,"36.45","36.45","0","0",0,0,0,""
"17891060815716","Mundial Alicate 522-C","Produtos de Unha ","unit","0",0,"5.44","8.16","0","0",0,0,0,"C:\\Users\\abner\\OneDrive\\Documents\\Discover Supply\\kyte_images_optimized\\mundial_alicate_522_c.webp"
"17891060695684","Mundial Lixa de Unha Aço ","Produtos de Unha ","unit","365",0,"0.5","1.05","383.25","182.5","12.6","12","6.6",""
"17891060773214","Mundial Cortador de Unha Pequeno ","Produtos de Unha ","unit","593",0,"0.58","1.1","652.300","343.94","33","30","15.6",""
"","Axe Desodorante Black Night (Unidade)","Desodorante ","unit","0",0,"22","33","0","0",0,0,0,"C:\\Users\\abner\\OneDrive\\Documents\\Discover Supply\\kyte_images_optimized\\axe_desodorante_black_night__unidade_.webp"
"","Axe Desodorante Marine c/12 150ml","Desodorante ","unit","0",0,"22","33","0","0",0,0,0,"C:\\Users\\abner\\OneDrive\\Documents\\Discover Supply\\kyte_images_optimized\\axe_desodorante_marine_c_12_150ml.webp"
"","Axe Desodorante Collision (Unidade)","Desodorante ","unit","0",0,"1.92","33","0","0",0,0,0,"C:\\Users\\abner\\OneDrive\\Documents\\Discover Supply\\kyte_images_optimized\\axe_desodorante_collision__unidade_.webp"
"","Novex Blindagem protetor térmico 400ml","Novex ","unit","108",0,"5.8","8.7","939.599","626.4","104.4","12","34.8","C:\\Users\\abner\\OneDrive\\Documents\\Discover Supply\\kyte_images_optimized\\novex_blindagem_protetor_t_rmico_400ml.webp"
"","Novex Blindagem protetor térmico 200ml","Novex ","unit","0",0,"3.15","4.75","0","0",0,0,0,"C:\\Users\\abner\\OneDrive\\Documents\\Discover Supply\\kyte_images_optimized\\novex_blindagem_protetor_t_rmico_200ml.webp"
"","Mel Rosada","","unit","10",0,"1.25","1.75","17.5","12.5",0,0,0,""
"","Novex My Curls Mascara 400g","Novex ","unit","0",0,"2.4","3.6","0","0",0,0,0,"C:\\Users\\abner\\OneDrive\\Documents\\Discover Supply\\kyte_images_optimized\\novex_my_curls_mascara_400g.webp"
"","Novex My Curls Mascara 1kg","Novex ","unit","0",0,"4.75","7.12","0","0",0,0,0,"C:\\Users\\abner\\OneDrive\\Documents\\Discover Supply\\kyte_images_optimized\\novex_my_curls_mascara_1kg.webp"
"","Novex My Curls Shampoo 300ml","Novex ","unit","174",0,"2.25","3.39","589.86","391.5",0,0,0,"C:\\Users\\abner\\OneDrive\\Documents\\Discover Supply\\kyte_images_optimized\\novex_my_curls_shampoo_300ml.webp"
"","Novex My Little Curls Mascara 400g ","Novex ","unit","0",0,"2.4","3.6","0","0",0,0,0,""
"","Novex My Curls Leave-in 500g","Farmácia ","unit","0",0,"4.2","6.3","0","0",0,0,0,"C:\\Users\\abner\\OneDrive\\Documents\\Discover Supply\\kyte_images_optimized\\novex_my_curls_leave_in_500g.webp"
"","Novex Côco Máscara 400g","Novex ","unit","0",0,"2.4","3.6","0","0",0,0,0,"C:\\Users\\abner\\OneDrive\\Documents\\Discover Supply\\kyte_images_optimized\\novex_c_co_m_scara_400g.webp"
"","Novex My Little Curls Ativador de Cachos ","Novex ","unit","42",0,"2.65","3.99","167.58","111.3","95.76","24","32.16",""
"","Novex Super Curly Leave-in 1kg","Novex ","unit","132",0,"6.3","9.45","1247.399","831.6","56.7","6","18.9","C:\\Users\\abner\\OneDrive\\Documents\\Discover Supply\\kyte_images_optimized\\novex_super_curly_leave_in_1kg.webp"
"","Novex My Little Curls Shampoo ","Novex ","unit","0",0,"2.25","3.39","0","0",0,0,0,""
"","Novex Mystic Black Condicionador 300ml","Novex ","unit","66",0,"2.25","3.39","223.74","148.5",0,0,0,"C:\\Users\\abner\\OneDrive\\Documents\\Discover Supply\\kyte_images_optimized\\novex_mystic_black_condicionador_300ml.webp"
"","Novex Mystic Black Spray Desembaraçador ","Novex ","unit","0",0,"2.65","3.99","0","0",0,0,0,""
"","Novex Mystec Black Shampoo 300ml","Novex ","unit","30",0,"2.25","3.39","101.7","67.5",0,0,0,"C:\\Users\\abner\\OneDrive\\Documents\\Discover Supply\\kyte_images_optimized\\novex_mystec_black_shampoo_300ml.webp"
"","Novex Mystic Black Leave-In","Novex ","unit","60",0,"4.2","6.3","378","252",0,0,0,"C:\\Users\\abner\\OneDrive\\Documents\\Discover Supply\\kyte_images_optimized\\novex_mystic_black_leave_in.webp"
"","Novex Mascara tratamento Keratina 400g ","Novex ","unit","210",0,"2.4","3.6","756","504",0,0,0,""
"178986029621","Vita Seiva Óleo de Alho c/12","Vita Seiva","unit","4",0,"31.49","31.49","125.96","125.96",0,0,0,""
"","Panela de pressão Uniware 11 litros","Panelas","unit","0",0,"36.5","56.75","0","0",0,0,0,"C:\\Users\\abner\\OneDrive\\Documents\\Discover Supply\\kyte_images_optimized\\panela_de_press_o_uniware_11_litros.webp"
"6001087364669","Axe Desodorante Musk spray c/12 150ml","Desodorante ","unit","12",0,"22","33","396","264",0,0,0,"C:\\Users\\abner\\OneDrive\\Documents\\Discover Supply\\kyte_images_optimized\\axe_desodorante_musk_spray_c_12_150ml.webp"
"","Viro Grip xarope 120ml","Farmácia ","unit","0",0,"7.6","10.65","0","0",0,0,0,"C:\\Users\\abner\\OneDrive\\Documents\\Discover Supply\\kyte_images_optimized\\viro_grip_xarope_120ml.webp"
"","Capilo Oleo Vitamia E 2oz c/12","Capilo","unit","4",0,"37.8","56.7","226.8","151.2","226.8","4","75.6","C:\\Users\\abner\\OneDrive\\Documents\\Discover Supply\\kyte_images_optimized\\capilo_oleo_vitamia_e_2oz_c_12.webp"
"7896094922129","Nenêdent Gel 10g","","unit","0",0,"8.39","11.95","0","0",0,0,0,"C:\\Users\\abner\\OneDrive\\Documents\\Discover Supply\\kyte_images_optimized\\nen_dent_gel_10g.webp"
"7898602962405","Vita Seiva Serum óleo Rosa Mosqueta 60ml","Vita Seiva","unit","0",0,"11.34","12.95","0","0",0,0,0,"C:\\Users\\abner\\OneDrive\\Documents\\Discover Supply\\kyte_images_optimized\\vita_seiva_serum__leo_rosa_mosqueta_60ml.webp"
"7898632470352","Creme Parafina Raio de Sol Bronzeador 80g c/6","Higiene Pessoal","unit","16",0,"21","26","416","336",0,0,0,"C:\\Users\\abner\\OneDrive\\Documents\\Discover Supply\\kyte_images_optimized\\creme_parafina_raio_de_sol_bronzeador_80g_c_6.webp"
"","Óleo de Eucalipto Germa","Germa","unit","0",0,"3.2","4.6","0","0",0,0,0,"C:\\Users\\abner\\OneDrive\\Documents\\Discover Supply\\kyte_images_optimized\\_leo_de_eucalipto_germa.webp"
"","Nutriminas chá Samambaia ","Chás ","unit","0",0,"16.09","23.49","0","0",0,0,0,""
"","Nutriminas chá Cipó Cravo","Chás ","unit","0",0,"16.09","23.49","0","0",0,0,0,""
"","Nutriminas chá Cana de Macaco","Chás ","unit","0",0,"16.09","23.49","0","0",0,0,0,""
"","Lixa preta para unhas  144 unidades","Produtos de Unha ","unit","12",0,"10.49","15.75","189","125.88","31.5","2","10.52","C:\\Users\\abner\\OneDrive\\Documents\\Discover Supply\\kyte_images_optimized\\lixa_preta_para_unhas__144_unidades.webp"
"","Lola Morte Súbita Máscara 450g","Lola ","unit","0",0,"6.8","9.55","0","0",0,0,0,"C:\\Users\\abner\\OneDrive\\Documents\\Discover Supply\\kyte_images_optimized\\lola_morte_s_bita_m_scara_450g.webp"
"","Lola Morte Súbita Condicionador 250ml","Lola ","unit","0",0,"4.8","6.75","0","0",0,0,0,"C:\\Users\\abner\\OneDrive\\Documents\\Discover Supply\\kyte_images_optimized\\lola_morte_s_bita_condicionador_250ml.webp"
"","Abridor de Latas c/ 12 Unidades","Diversos","unit","0",0,"9.79","14.68","0","0","58.72","4","19.56","C:\\Users\\abner\\OneDrive\\Documents\\Discover Supply\\kyte_images_optimized\\abridor_de_latas_c__12_unidades.webp"
"4958964123876","Canela de Velho cápsula ","Suplementos ","unit","6",0,"5.49","8.9","53.400","32.94",0,0,0,""
"","Cuscuzeira Fome Zero - unidade ","Alumínio ","unit","2",0,"11.04","16.95","33.9","22.08","632.95","41","219.06",""
"","Bule de Alumínio Craquelado preto #8","Alumínio ","unit","0",0,"6.3","9.45","0","0",0,0,0,"C:\\Users\\abner\\OneDrive\\Documents\\Discover Supply\\kyte_images_optimized\\bule_de_alum_nio_craquelado_preto__8.webp"
"","Dominó 25 peças unidade","Diversos","unit","0",0,"3.4","5.15","0","0",0,0,0,"C:\\Users\\abner\\OneDrive\\Documents\\Discover Supply\\kyte_images_optimized\\domin__25_pe_as_unidade.webp"
"","Canudinho cores sortidas pacote com 100","Diversos","unit","17",0,"0.75","1.05","17.85","12.75","6.3","6","1.8","C:\\Users\\abner\\OneDrive\\Documents\\Discover Supply\\kyte_images_optimized\\canudinho_cores_sortidas_pacote_com_100.webp"
"","Fermento em pó Royal 8.1oz com 12","Diversos","unit","0",0,"33","47.4","0","0",0,0,0,"C:\\Users\\abner\\OneDrive\\Documents\\Discover Supply\\kyte_images_optimized\\fermento_em_p__royal_8_1oz_com_12.webp"
"7898632470529","Kit Clareador Banho de Lua com 6","Higiene Pessoal","unit","0",0,"34.99","48.99","0","0",0,0,0,"C:\\Users\\abner\\OneDrive\\Documents\\Discover Supply\\kyte_images_optimized\\kit_clareador_banho_de_lua_com_6.webp"
"7896094919709","Engov After Bebida Reidratante Tangerina 250ml com 6","Suplementos ","unit","2",0,"26.99","35.9","71.8","53.98","224.9","6","62.96","C:\\Users\\abner\\OneDrive\\Documents\\Discover Supply\\kyte_images_optimized\\engov_after_bebida_reidratante_tangerina_250ml_com_6.webp"
"0042279207049","Shampoo para Piolho Liendrex kit","Farmax ","unit","0",0,"5.8","8.75","0","0",0,0,0,"C:\\Users\\abner\\OneDrive\\Documents\\Discover Supply\\kyte_images_optimized\\shampoo_para_piolho_liendrex_kit.webp"
"7896020160168","Tenys Pé Baruel Canforado Aerosol 150ml","Higiene Pessoal","unit","0",0,"62.99","79.99","0","0",0,0,0,"C:\\Users\\abner\\OneDrive\\Documents\\Discover Supply\\kyte_images_optimized\\tenys_p__baruel_canforado_aerosol_150ml.webp"
"17896020160158","Tenys Pé Baruel Original Aerosol 150ml","Higiene Pessoal","unit","0",0,"62.99","79.99","0","0",0,0,0,"C:\\Users\\abner\\OneDrive\\Documents\\Discover Supply\\kyte_images_optimized\\tenys_p__baruel_original_aerosol_150ml.webp"
"","Solução Fisiológica Arboreto 500ml","Farmácia ","unit","0",0,"2.18","3.29","0","0",0,0,0,"C:\\Users\\abner\\OneDrive\\Documents\\Discover Supply\\kyte_images_optimized\\solu__o_fisiol_gica_arboreto_500ml.webp"
"7898567750857","Cera Depi Roll Mel Hidrasoluvel 300g","Higiene Pessoal","unit","0",0,"4.19","6.29","0","0",0,0,0,"C:\\Users\\abner\\OneDrive\\Documents\\Discover Supply\\kyte_images_optimized\\cera_depi_roll_mel_hidrasoluvel_300g.webp"
"8692857015973","Cotonete Pote com 100 pc","Higiene Pessoal","unit","0",0,"0.75","1.2","0","0",0,0,0,"C:\\Users\\abner\\OneDrive\\Documents\\Discover Supply\\kyte_images_optimized\\cotonete_pote_com_100_pc.webp"
"","Limpa Pelos em Rolo com 3 pc","Diversos","unit","0",0,"2.3","3.69","0","0",0,0,0,"C:\\Users\\abner\\OneDrive\\Documents\\Discover Supply\\kyte_images_optimized\\limpa_pelos_em_rolo_com_3_pc.webp"
"","Bucha Verde/Amarela com 10 pc","Limpeza ","unit","66",0,"1","1.9","125.399","66","45.6","24","21.6","C:\\Users\\abner\\OneDrive\\Documents\\Discover Supply\\kyte_images_optimized\\bucha_verde_amarela_com_10_pc.webp"
"","Pá com Vassorinha","Limpeza ","unit","0",0,"1.75","2.8","0","0",0,0,0,"C:\\Users\\abner\\OneDrive\\Documents\\Discover Supply\\kyte_images_optimized\\p__com_vassorinha.webp"
"","Copo de Medir","Cozinha ","unit","0",0,"1","1.59","0","0",0,0,0,"C:\\Users\\abner\\OneDrive\\Documents\\Discover Supply\\kyte_images_optimized\\copo_de_medir.webp"
"","Recipiente para Ketchup/Maionese 12oz","Cozinha ","unit","126",0,"0.75","1.45","182.7","94.5","26.1","18","12.6","C:\\Users\\abner\\OneDrive\\Documents\\Discover Supply\\kyte_images_optimized\\recipiente_para_ketchup_maionese_12oz.webp"
"","Colher de Bambu ","Cozinha ","unit","2",0,"0.75","1.2","2.4","1.5","14.4","12","5.4",""
"","Espátula Diagonal de Bambu","Cozinha ","unit","42",0,"0.75","1.2","50.4","31.5","7.2","6","2.7","C:\\Users\\abner\\OneDrive\\Documents\\Discover Supply\\kyte_images_optimized\\esp_tula_diagonal_de_bambu.webp"
"0608106013643","Espátula de Bambu","Cozinha ","unit","72",0,"0.75","1.2","86.399","54",0,0,0,"C:\\Users\\abner\\OneDrive\\Documents\\Discover Supply\\kyte_images_optimized\\esp_tula_de_bambu.webp"
"","Jogo de Faca Sortido 3pc ","Cozinha ","unit","0",0,"3.5","5.6","0","0",0,0,0,""
"","Jogo de Faca c/ Tábua 6pc","Cozinha ","unit","0",0,"5.5","8.8","0","0",0,0,0,"C:\\Users\\abner\\OneDrive\\Documents\\Discover Supply\\kyte_images_optimized\\jogo_de_faca_c__t_bua_6pc.webp"
"","Espátula Non-Stick Cabo Verde ","Cozinha ","unit","11",0,"0.9","1.45","15.95","9.9",0,0,0,""
"","Espátula Non-Stick Furada Cabo Verde ","Cozinha ","unit","17",0,"0.85","1.39","23.63","14.45",0,0,0,""
"","Colher Non-Stick Furada Cabo Verde ","Cozinha ","unit","24",0,"0.85","1.39","33.36","20.4",0,0,0,""
"","Concha Non-Stick Cabo Verde ","Cozinha ","unit","10",0,"0.86","1.45","14.5","8.6",0,0,0,""
"","Colher Non-Stick Cabo Verde ","Cozinha ","unit","10",0,"0.85","1.39","13.899","8.5",0,0,0,""
"8692857013139","Cotonetes Box c/200pcs","Higiene Pessoal","unit","0",0,"0.85","1.59","0","0",0,0,0,"C:\\Users\\abner\\OneDrive\\Documents\\Discover Supply\\kyte_images_optimized\\cotonetes_box_c_200pcs.webp"
"","Rodo Cabo de Madeira 15.7”","Limpeza ","unit","0",0,"3.75","5.99","0","0",0,0,0,"C:\\Users\\abner\\OneDrive\\Documents\\Discover Supply\\kyte_images_optimized\\rodo_cabo_de_madeira_15_7_.webp"
"","Panela de Pressão 7 litros Uniware (copy)","","unit","0",0,"31.75","46.95","0","0",0,0,0,"C:\\Users\\abner\\OneDrive\\Documents\\Discover Supply\\kyte_images_optimized\\panela_de_press_o_7_litros_uniware__copy_.webp"
"","Panela de Pressão 4 litros Uniware ","Cozinha ","unit","0",0,"23.75","35.65","0","0",0,0,0,""
"7897070215334","Óleo de Copaíba Nutry Valle 30ml","Óleo ","unit","0",0,"37.72","59.59","0","0",0,0,0,"C:\\Users\\abner\\OneDrive\\Documents\\Discover Supply\\kyte_images_optimized\\_leo_de_copa_ba_nutry_valle_30ml.webp"
"","Algodão Apólo Bola 100g c/ 10","Farmácia ","unit","6",0,"16.44","24.9","149.399","98.640","74.7","3","25.38","C:\\Users\\abner\\OneDrive\\Documents\\Discover Supply\\kyte_images_optimized\\algod_o_ap_lo_bola_100g_c__10.webp"
"7898170102715","Vitarex Vitamina Infantil 250ml","Suplementos ","unit","0",0,"5.01","7.9","0","0",0,0,0,"C:\\Users\\abner\\OneDrive\\Documents\\Discover Supply\\kyte_images_optimized\\vitarex_vitamina_infantil_250ml.webp"
"7896229996230","Natuhair Ampola Jaborandi c/24","Ampolas ","unit","2",0,"16.09","22.49","44.98","32.18",0,0,0,"C:\\Users\\abner\\OneDrive\\Documents\\Discover Supply\\kyte_images_optimized\\natuhair_ampola_jaborandi_c_24.webp"
"7896229996124","Natuhair Ampola Óleo de Côco c/24","Ampolas ","unit","0",0,"16.09","22.49","0","0",0,0,0,"C:\\Users\\abner\\OneDrive\\Documents\\Discover Supply\\kyte_images_optimized\\natuhair_ampola__leo_de_c_co_c_24.webp"
"7896229996216","Natuhair Ampola Semi Di Lino c/24","Ampolas ","unit","1",0,"16.09","22.49","22.49","16.09","22.49","1","6.4","C:\\Users\\abner\\OneDrive\\Documents\\Discover Supply\\kyte_images_optimized\\natuhair_ampola_semi_di_lino_c_24.webp"
"","Novex Super Aloe Vera Shampoo 300ml","Novex ","unit","144",0,"2.25","3.4","489.599","324",0,0,0,"C:\\Users\\abner\\OneDrive\\Documents\\Discover Supply\\kyte_images_optimized\\novex_super_aloe_vera_shampoo_300ml.webp"
"","Novex Keratina Condicionador 300ml","Novex ","unit","552",0,"2.25","3.4","1876.8","1242","40.8","12","13.8","C:\\Users\\abner\\OneDrive\\Documents\\Discover Supply\\kyte_images_optimized\\novex_keratina_condicionador_300ml.webp"
"","Novex My Curls Conditioner 300ml","Novex ","unit","0",0,"2.25","3.4","0","0",0,0,0,"C:\\Users\\abner\\OneDrive\\Documents\\Discover Supply\\kyte_images_optimized\\novex_my_curls_conditioner_300ml.webp"
"","Novex Meus Cachos Soltos Creme de Pentear","Novex ","unit","0",0,"4.2","6.3","0","0",0,0,0,"C:\\Users\\abner\\OneDrive\\Documents\\Discover Supply\\kyte_images_optimized\\novex_meus_cachos_soltos_creme_de_pentear.webp"
"","Novex Meus Cachos Cacheados Creme de Pentear 500ml","Novex ","unit","0",0,"4.2","6.3","0","0",0,0,0,"C:\\Users\\abner\\OneDrive\\Documents\\Discover Supply\\kyte_images_optimized\\novex_meus_cachos_cacheados_creme_de_pentear_500ml.webp"
"","Novex Meus Cachos Ativador de Cachos 500ml","Novex ","unit","0",0,"4.2","6.3","0","0",0,0,0,"C:\\Users\\abner\\OneDrive\\Documents\\Discover Supply\\kyte_images_optimized\\novex_meus_cachos_ativador_de_cachos_500ml.webp"
"","Novex My Curls Movie Star Leave-in 1kg","Novex ","unit","0",0,"6.3","9.45","0","0",0,0,0,"C:\\Users\\abner\\OneDrive\\Documents\\Discover Supply\\kyte_images_optimized\\novex_my_curls_movie_star_leave_in_1kg.webp"
"","Novex My Curls Movie Star Condicionador 300ml","Novex ","unit","48",0,"2.25","3.4","163.2","108","81.6","24","27.6","C:\\Users\\abner\\OneDrive\\Documents\\Discover Supply\\kyte_images_optimized\\novex_my_curls_movie_star_condicionador_300ml.webp"
"","Novex My Curls Movie Star Shampoo 300ml","Novex ","unit","48",0,"2.25","3.4","163.2","108","81.6","24","27.6","C:\\Users\\abner\\OneDrive\\Documents\\Discover Supply\\kyte_images_optimized\\novex_my_curls_movie_star_shampoo_300ml.webp"
"","Emergen-C 30’s Orange Vitamina C","Farmácia ","unit","0",0,"10.5","15.75","0","0","220.5","14","73.5","C:\\Users\\abner\\OneDrive\\Documents\\Discover Supply\\kyte_images_optimized\\emergen_c_30_s_orange_vitamina_c.webp"
"","Thera Flu Nightime c/20","Farmácia ","unit","0",0,"24.95","37.45","0","0",0,0,0,"C:\\Users\\abner\\OneDrive\\Documents\\Discover Supply\\kyte_images_optimized\\thera_flu_nightime_c_20.webp"
"","Chapstick Pote c/24 ","Higiene Pessoal","unit","7",0,"23.5","32.9","230.299","164.5","164.5","5","47",""
"","Mundial Alicate 522-AP","Produtos de Unha ","unit","0",0,"5.44","8.16","0","0",0,0,0,"C:\\Users\\abner\\OneDrive\\Documents\\Discover Supply\\kyte_images_optimized\\mundial_alicate_522_ap.webp"
"","Trident Original c/12 de 14 Unidades","Balas","unit","0",0,"10.95","16.4","0","0","61.56","4","17.76","C:\\Users\\abner\\OneDrive\\Documents\\Discover Supply\\kyte_images_optimized\\trident_original_c_12_de_14_unidades.webp"
"","Royal Baralho Cartas Plástico c/12","","unit","0",0,"9.5","29.95","0","0","59.9","2","40.9","C:\\Users\\abner\\OneDrive\\Documents\\Discover Supply\\kyte_images_optimized\\royal_baralho_cartas_pl_stico_c_12.webp"
"","Descolorante Farmax 7 Tons 20g","Higiene Pessoal","unit","0",0,"19.95","27.9","0","0",0,0,0,"C:\\Users\\abner\\OneDrive\\Documents\\Discover Supply\\kyte_images_optimized\\descolorante_farmax_7_tons_20g.webp"
"","Palito de Dente Bambu com 200/2","Cozinha ","unit","0",0,"0.65","1.25","0","0",0,0,0,"C:\\Users\\abner\\OneDrive\\Documents\\Discover Supply\\kyte_images_optimized\\palito_de_dente_bambu_com_200_2.webp"
"","Pegador Stainless Steel Grandel 12”","Cozinha ","unit","62",0,"1.75","2.65","164.299","108.5","63.6","24","21.6","C:\\Users\\abner\\OneDrive\\Documents\\Discover Supply\\kyte_images_optimized\\pegador_stainless_steel_grandel_12_.webp"
"","Food Container Retangular Silicon Ring 3 Peças ","Cozinha ","unit","31",0,"2.75","4.15","128.65","85.25","49.8","12","16.8",""
"","Forma de Bolo Retangular ‘14x10’ - unidade","Cozinha ","unit","0",0,"4.5","6.75","0","0",0,0,0,"C:\\Users\\abner\\OneDrive\\Documents\\Discover Supply\\kyte_images_optimized\\forma_de_bolo_retangular__14x10____unidade.webp"
"","Borracha Panela de Pressão Uniware 4lt","Acessórios ","unit","0",0,"3","4.5","0","0",0,0,0,"C:\\Users\\abner\\OneDrive\\Documents\\Discover Supply\\kyte_images_optimized\\borracha_panela_de_press_o_uniware_4lt.webp"
"","Borracha Panela de Pressão Uniware 11lt","Acessórios ","unit","0",0,"3","4.5","0","0",0,0,0,"C:\\Users\\abner\\OneDrive\\Documents\\Discover Supply\\kyte_images_optimized\\borracha_panela_de_press_o_uniware_11lt.webp"
"","Crece Pelo Boe Gotero Capilar 4.25oz","Crece Pelo","unit","0",0,"8","10.99","0","0",0,0,0,"C:\\Users\\abner\\OneDrive\\Documents\\Discover Supply\\kyte_images_optimized\\crece_pelo_boe_gotero_capilar_4_25oz.webp"
"","Forma de Empada #4 - c/6 de 12","","unit","3",0,"29.82","44.9","134.7","89.460","44.9","1","15.08","C:\\Users\\abner\\OneDrive\\Documents\\Discover Supply\\kyte_images_optimized\\forma_de_empada__4___c_6_de_12.webp"
"","Forma de Empada #3 - c/6 de 12","","unit","0",0,"27.99","41.9","0","0",0,0,0,"C:\\Users\\abner\\OneDrive\\Documents\\Discover Supply\\kyte_images_optimized\\forma_de_empada__3___c_6_de_12.webp"
"","Forma de Empada #2 - c/6 de 12","","unit","0",0,"25.15","37.75","0","0",0,0,0,"C:\\Users\\abner\\OneDrive\\Documents\\Discover Supply\\kyte_images_optimized\\forma_de_empada__2___c_6_de_12.webp"
"","Forma de Empada #1 - c/6 de 12","","unit","0",0,"24.36","36.55","0","0",0,0,0,"C:\\Users\\abner\\OneDrive\\Documents\\Discover Supply\\kyte_images_optimized\\forma_de_empada__1___c_6_de_12.webp"
"","Forma de Empada #0 - c/6 de 12","","unit","0",0,"20.16","30.25","0","0",0,0,0,"C:\\Users\\abner\\OneDrive\\Documents\\Discover Supply\\kyte_images_optimized\\forma_de_empada__0___c_6_de_12.webp"
"","Misteira de Alumínio ","Alumínio ","unit","36",0,"4.66","6.75","243","167.76","81","12","25.08",""
"","Lola Morte Súbita Reparação Total 250ml","Lola ","unit","0",0,"4.8","6.75","0","0",0,0,0,"C:\\Users\\abner\\OneDrive\\Documents\\Discover Supply\\kyte_images_optimized\\lola_morte_s_bita_repara__o_total_250ml.webp"
"","Lola Rapunzel Shampoo Rejuvenescedor 250ml ","Lola ","unit","0",0,"4.4","6.2","0","0",0,0,0,""
"","Lola Rapunzel Tônico do Crescimento 250ml","Lola ","unit","0",0,"5.6","7.85","0","0",0,0,0,"C:\\Users\\abner\\OneDrive\\Documents\\Discover Supply\\kyte_images_optimized\\lola_rapunzel_t_nico_do_crescimento_250ml.webp"
"","Lola Rapunzel Máscara 450g","Lola ","unit","0",0,"6.8","9.55","0","0",0,0,0,"C:\\Users\\abner\\OneDrive\\Documents\\Discover Supply\\kyte_images_optimized\\lola_rapunzel_m_scara_450g.webp"
"","Volia Classic Clear","Produtos de Unha ","unit","0",0,"23.09","32.49","0","0",0,0,0,"C:\\Users\\abner\\OneDrive\\Documents\\Discover Supply\\kyte_images_optimized\\volia_classic_clear.webp"
"","Palito de Unha Santa Clara c/100","Produtos de Unha ","unit","97",0,"25","39.9","3870.299","2425",0,0,0,"C:\\Users\\abner\\OneDrive\\Documents\\Discover Supply\\kyte_images_optimized\\palito_de_unha_santa_clara_c_100.webp"
"","Muriel Unhafort Fortificante para unhas 10ml c/11","Produtos de Unha ","unit","0",0,"27.99","41.99","0","0",0,0,0,"C:\\Users\\abner\\OneDrive\\Documents\\Discover Supply\\kyte_images_optimized\\muriel_unhafort_fortificante_para_unhas_10ml_c_11.webp"
"","Spray Nasal Original 30ml","Farmácia ","unit","54",0,"1.95","2.95","159.3","105.3","17.7","6","6","C:\\Users\\abner\\OneDrive\\Documents\\Discover Supply\\kyte_images_optimized\\spray_nasal_original_30ml.webp"
"","Wrigley 5 Gum Rain - c/15","Balas","unit","0",0,"13.25","19.8","0","0",0,0,0,"C:\\Users\\abner\\OneDrive\\Documents\\Discover Supply\\kyte_images_optimized\\wrigley_5_gum_rain___c_15.webp"
"","Glass Cleaner Window 32oz c/12","Limpeza ","unit","0",0,"14","23.95","0","0","47.9","2","19.9","C:\\Users\\abner\\OneDrive\\Documents\\Discover Supply\\kyte_images_optimized\\glass_cleaner_window_32oz_c_12.webp"
"","Trident Tropical Twist c/14","Balas","unit","0",0,"10.95","15.39","0","0",0,0,0,"C:\\Users\\abner\\OneDrive\\Documents\\Discover Supply\\kyte_images_optimized\\trident_tropical_twist_c_14.webp"
"","Trident White Dual Spermint c/16","Balas","unit","0",0,"10.95","15.39","0","0",0,0,0,"C:\\Users\\abner\\OneDrive\\Documents\\Discover Supply\\kyte_images_optimized\\trident_white_dual_spermint_c_16.webp"
"","Paroxide 16oz","Farmácia ","unit","6",0,"10","14.99","89.94","60","14.99","1","4.99","C:\\Users\\abner\\OneDrive\\Documents\\Discover Supply\\kyte_images_optimized\\paroxide_16oz.webp"
"","Cotonetes - Swabs c/300 c/12 unidades ","Higiene Pessoal","unit","19",0,"23.5","32.9","625.1","446.5",0,0,0,""
"7898964247233","Volia Classic Nude ","Produtos de Unha ","unit","0",0,"23.09","32.49","0","0",0,0,0,""
"","Kit Banho de Lua Lightner Cless unidade ","Farmácia ","unit","0",0,"5.83","8.75","0","0",0,0,0,""
"","Lixa de Unha Darma 328 Larga canário 50 Unidades","Produtos de Unha ","unit","45",0,"7.99","11.95","537.75","359.55","59.75","5","19.8","C:\\Users\\abner\\OneDrive\\Documents\\Discover Supply\\kyte_images_optimized\\lixa_de_unha_darma_328_larga_can_rio_50_unidades.webp"
"","Torneira Plastica Para Filtro de Barro com 12","Acessórios ","unit","0",0,"16.09","23.95","0","0",0,0,0,"C:\\Users\\abner\\OneDrive\\Documents\\Discover Supply\\kyte_images_optimized\\torneira_plastica_para_filtro_de_barro_com_12.webp"
"","Cuscuzeira de Alumínio #12 -unidade","Alumínio ","unit","26",0,"4.66","9.95","258.7","121.16","437.8","44","232.76","C:\\Users\\abner\\OneDrive\\Documents\\Discover Supply\\kyte_images_optimized\\cuscuzeira_de_alum_nio__12__unidade.webp"
"","Lola CreoulaCondicionador 250g","Lola ","unit","132",0,"6","8.4","1108.8","792",0,0,0,"C:\\Users\\abner\\OneDrive\\Documents\\Discover Supply\\kyte_images_optimized\\lola_creoulacondicionador_250g.webp"
"","Lola Ondulados qShampoo 500g","Lola ","unit","0",0,"5.6","7.85","0","0",0,0,0,"C:\\Users\\abner\\OneDrive\\Documents\\Discover Supply\\kyte_images_optimized\\lola_ondulados_qshampoo_500g.webp"
"","Green Tea (chá verde) ","Chás ","unit","0",0,"2.5","3.75","0","0",0,0,0,""
"","Lacto-Purga - caixa c/25 cartela","Farmácia ","unit","0",0,"45","75","0","0","975","13","390","C:\\Users\\abner\\OneDrive\\Documents\\Discover Supply\\kyte_images_optimized\\lacto_purga___caixa_c_25_cartela.webp"
"","DLC Óleo de Abacate 100% 2oz c/12","De La Cruz","unit","22",0,"20.76","34","748","456.72","102","3","39.72","C:\\Users\\abner\\OneDrive\\Documents\\Discover Supply\\kyte_images_optimized\\dlc__leo_de_abacate_100__2oz_c_12.webp"
"","Capilo Óleo de Arnica 4oz","","unit","0",0,"19.32","29.95","0","0",0,0,0,"C:\\Users\\abner\\OneDrive\\Documents\\Discover Supply\\kyte_images_optimized\\capilo__leo_de_arnica_4oz.webp"
"","Óleo de Alecrim 100ml c/12","","unit","2",0,"69.64","85.95","171.9","139.28",0,0,0,""
"","Giovanna Baby Hidratante Blue - unidade ","Farmácia ","unit","78",0,"5.33","7.49","584.22","415.74","134.82","18","38.88",""
"","Depiflax Folhas Prontas Corporal","","unit","18",0,"6.23","8.95","161.1","112.140","53.7","6","16.32","C:\\Users\\abner\\OneDrive\\Documents\\Discover Supply\\kyte_images_optimized\\depiflax_folhas_prontas_corporal.webp"
"","Sol Natus Semente de Linhaça Marron 200g c/6","Suplementos ","unit","37",0,"10.28","15.45","571.65","380.359","30.9","2","10.34","C:\\Users\\abner\\OneDrive\\Documents\\Discover Supply\\kyte_images_optimized\\sol_natus_semente_de_linha_a_marron_200g_c_6.webp"
"","Sol Natus Chá Digest 50g c/6","Chás ","unit","13",0,"19.71","29.56","384.28","256.23",0,0,0,"C:\\Users\\abner\\OneDrive\\Documents\\Discover Supply\\kyte_images_optimized\\sol_natus_ch__digest_50g_c_6.webp"
"","Sol Natus Cha Fiber c/6","Chás ","unit","15",0,"19.71","29.56","443.4","295.650",0,0,0,"C:\\Users\\abner\\OneDrive\\Documents\\Discover Supply\\kyte_images_optimized\\sol_natus_cha_fiber_c_6.webp"
"","Sol Natus Chá Pure 50g c/6","Chás ","unit","17",0,"19.71","29.56","502.52","335.07",0,0,0,"C:\\Users\\abner\\OneDrive\\Documents\\Discover Supply\\kyte_images_optimized\\sol_natus_ch__pure_50g_c_6.webp"
"","Sol Natus Semente de Linhaça Dourada 200g c/6","Suplementos ","unit","25",0,"11.76","17.65","441.249","294","52.95","3","17.67","C:\\Users\\abner\\OneDrive\\Documents\\Discover Supply\\kyte_images_optimized\\sol_natus_semente_de_linha_a_dourada_200g_c_6.webp"
"","Sol Natus Cha Termo 50g c/6","","unit","17",0,"19.71","29.56","502.52","335.07",0,0,0,""
"","Sol Natus Cha Vegan ","","unit","18",0,"19.71","29.56","532.079","354.780",0,0,0,""
"","Santa Clara Folha de Tecido p/ Depilar c/100","Depilação ","unit","0",0,"6.99","9.79","0","0",0,0,0,"C:\\Users\\abner\\OneDrive\\Documents\\Discover Supply\\kyte_images_optimized\\santa_clara_folha_de_tecido_p__depilar_c_100.webp"
"","Desodorante Creme Herbissimo Hibisco c/12","Desodorante ","unit","0",0,"16.79","25.2","0","0","126","5","42.05","C:\\Users\\abner\\OneDrive\\Documents\\Discover Supply\\kyte_images_optimized\\desodorante_creme_herbissimo_hibisco_c_12.webp"
"","Desodorante Creme Herbissimo Cedro c/12","Desodorante ","unit","38",0,"16.79","25.2","957.6","638.02","100.8","4","33.64","C:\\Users\\abner\\OneDrive\\Documents\\Discover Supply\\kyte_images_optimized\\desodorante_creme_herbissimo_cedro_c_12.webp"
"","Desodorante Creme Herbissimo Talco c/12","Desodorante ","unit","9",0,"16.79","19.95","179.549","151.109","79.8","4","12.64","C:\\Users\\abner\\OneDrive\\Documents\\Discover Supply\\kyte_images_optimized\\desodorante_creme_herbissimo_talco_c_12.webp"
"","Ora Pro-Nobis Liquido 500ml","Farmácia ","unit","48",0,"6.49","9.1","436.799","311.52","107.4","12","29.52","C:\\Users\\abner\\OneDrive\\Documents\\Discover Supply\\kyte_images_optimized\\ora_pro_nobis_liquido_500ml.webp"
"","Voltaren Pomada 20g","Farmácia ","unit","0",0,"4.29","6.45","0","0",0,0,0,"C:\\Users\\abner\\OneDrive\\Documents\\Discover Supply\\kyte_images_optimized\\voltaren_pomada_20g.webp"
"","Bala Pop Rocks de Uva Display c/24","Balas","unit","4",0,"15.36","23","92","61.44","23","1","7.64","C:\\Users\\abner\\OneDrive\\Documents\\Discover Supply\\kyte_images_optimized\\bala_pop_rocks_de_uva_display_c_24.webp"
"","Trojan Preservativo Ribbed Display c/6/3","Farmácia ","unit","13",0,"8.66","12.99","168.87","112.58","12.99","1","4.33","C:\\Users\\abner\\OneDrive\\Documents\\Discover Supply\\kyte_images_optimized\\trojan_preservativo_ribbed_display_c_6_3.webp"
"","Ice Breakers Wintergreen Menta Display c/8","Balas","unit","4",0,"10.75","16.15","64.6","43",0,0,0,"C:\\Users\\abner\\OneDrive\\Documents\\Discover Supply\\kyte_images_optimized\\ice_breakers_wintergreen_menta_display_c_8.webp"
"","Ice Breakers Coolmint Menta Display c/8","Balas","unit","4",0,"10.75","16.15","64.6","43",0,0,0,"C:\\Users\\abner\\OneDrive\\Documents\\Discover Supply\\kyte_images_optimized\\ice_breakers_coolmint_menta_display_c_8.webp"
"","Bala Pop Rocks de Morango c/24","Balas","unit","5",0,"15.36","23","115","76.8","46","2","15.28","C:\\Users\\abner\\OneDrive\\Documents\\Discover Supply\\kyte_images_optimized\\bala_pop_rocks_de_morango_c_24.webp"
"","Ice Breakers Duo Morango Menta Display c/8 ","Balas","unit","2",0,"10.75","16.15","32.3","21.5",0,0,0,""
"","Trojan Preservativo Ultra Thin c/6/3","Farmácia ","unit","13",0,"8.66","12.99","168.87","112.58","12.99","1","4.33","C:\\Users\\abner\\OneDrive\\Documents\\Discover Supply\\kyte_images_optimized\\trojan_preservativo_ultra_thin_c_6_3.webp"
"","Bala Pop Rocks Blue Raspberry c/24","Balas","unit","5",0,"15.36","23","115","76.8",0,0,0,"C:\\Users\\abner\\OneDrive\\Documents\\Discover Supply\\kyte_images_optimized\\bala_pop_rocks_blue_raspberry_c_24.webp"
"","Mentos Morango Roll c/15","Balas","unit","0",0,"15.25","22.95","0","0",0,0,0,"C:\\Users\\abner\\OneDrive\\Documents\\Discover Supply\\kyte_images_optimized\\mentos_morango_roll_c_15.webp"
"","Bala Pop Rocks de Cereja c/24","Balas","unit","5",0,"15.39","23","115","76.95",0,0,0,"C:\\Users\\abner\\OneDrive\\Documents\\Discover Supply\\kyte_images_optimized\\bala_pop_rocks_de_cereja_c_24.webp"
"","Mentos Maçã Verde Roll c/15","Balas","unit","0",0,"15.25","22.95","0","0",0,0,0,"C:\\Users\\abner\\OneDrive\\Documents\\Discover Supply\\kyte_images_optimized\\mentos_ma___verde_roll_c_15.webp"
"","Bucha Verde e Amarela c/2 ","Limpeza ","unit","6",0,"0.75","1.15","6.899","4.5","27.6","24","9.6",""
"","Pilão de Bambu ","Cozinha ","unit","0",0,"3.25","4.95","0","0",0,0,0,""
"","Food Container Quadrada Silicon Ring 3 Peças","Cozinha ","unit","31",0,"2.75","4.15","128.65","85.25","74.7","18","25.2","C:\\Users\\abner\\OneDrive\\Documents\\Discover Supply\\kyte_images_optimized\\food_container_quadrada_silicon_ring_3_pe_as.webp"
"","Tesoura de Cozinha 8.25” Sortido","Cozinha ","unit","153",0,"1.35","2.25","344.25","206.55","13.5","6","5.4","C:\\Users\\abner\\OneDrive\\Documents\\Discover Supply\\kyte_images_optimized\\tesoura_de_cozinha_8_25__sortido.webp"
"","Caneca de Inox 9cm ","Cozinha ","unit","32",0,"0.75","1.25","40","24",0,0,0,""
"","Marmita Térmica Flor","","unit","20",0,"9.05","12.69","253.799","181",0,0,0,"C:\\Users\\abner\\OneDrive\\Documents\\Discover Supply\\kyte_images_optimized\\marmita_t_rmica_flor.webp"
"","Sacola para Hambúrguer C/500unidade","Farmácia ","unit","0",0,"32.15","45.49","0","0",0,0,0,"C:\\Users\\abner\\OneDrive\\Documents\\Discover Supply\\kyte_images_optimized\\sacola_para_hamb_rguer_c_500unidade.webp"
"","Germa Pedra Hume pó 3oz","","unit","72",0,"2.11","3.19","229.68","151.92",0,0,0,"C:\\Users\\abner\\OneDrive\\Documents\\Discover Supply\\kyte_images_optimized\\germa_pedra_hume_p__3oz.webp"
"","Germa Verruguin","Germa","unit","72",0,"3.65","5.49","395.280","262.8","131.76","24","44.16","C:\\Users\\abner\\OneDrive\\Documents\\Discover Supply\\kyte_images_optimized\\germa_verruguin.webp"
"","Cacio Granulado Jupin 80gr","Farmácia ","unit","30",0,"1.26","2.25","67.5","37.8",0,0,0,"C:\\Users\\abner\\OneDrive\\Documents\\Discover Supply\\kyte_images_optimized\\cacio_granulado_jupin_80gr.webp"
"","Shampoo Anticaspa Limpeza diária Clear Men 200ml","","unit","0",0,"3.6","5.4","0","0",0,0,0,"C:\\Users\\abner\\OneDrive\\Documents\\Discover Supply\\kyte_images_optimized\\shampoo_anticaspa_limpeza_di_ria_clear_men_200ml.webp"
"","Bucha Vegetal Gigante unitário - unidade","Diversos","unit","21",0,"4.95","6.95","145.950","103.95","271.05","39","78","C:\\Users\\abner\\OneDrive\\Documents\\Discover Supply\\kyte_images_optimized\\bucha_vegetal_gigante_unit_rio___unidade.webp"
"","Boé Brilho Reparador Gotas 2oz unidade","Produtos de Cabelo","unit","192",0,"4.28","6.45","1238.4","821.76",0,0,0,"C:\\Users\\abner\\OneDrive\\Documents\\Discover Supply\\kyte_images_optimized\\bo__brilho_reparador_gotas_2oz_unidade.webp"
"","Bailarina Chá Verde Sabor Ginseng 18bags","Chás ","unit","108",0,"3.2","4.49","484.92","345.6","107.76","24","30.96","C:\\Users\\abner\\OneDrive\\Documents\\Discover Supply\\kyte_images_optimized\\bailarina_ch__verde_sabor_ginseng_18bags.webp"
"","Diabet TX Talco Líquido-Goicoechea para pele 2.3oz unidade","Farmácia ","unit","62",0,"6.98","9.98","618.76","432.760",0,0,0,"C:\\Users\\abner\\OneDrive\\Documents\\Discover Supply\\kyte_images_optimized\\diabet_tx_talco_l_quido_goicoechea_para_pele_2_3oz_unidade.webp"
"","Gel Xtreme Clear 1kg - unidade ","","unit","66",0,"2.25","3.75","247.5","148.5",0,0,0,""
"","Fini Carmed Labial Ácido Hialurônico - unidade","Diversos","unit","56",0,"5","6.8","380.8","280","40.8","6","10.8","C:\\Users\\abner\\OneDrive\\Documents\\Discover Supply\\kyte_images_optimized\\fini_carmed_labial__cido_hialur_nico___unidade.webp"
"","Dorival Cápsula C/36","Farmácia ","unit","15",0,"25","35.9","538.5","375","430.8","12","130.8","C:\\Users\\abner\\OneDrive\\Documents\\Discover Supply\\kyte_images_optimized\\dorival_c_psula_c_36.webp"
"","Pomada Canela de Velho","Acessórios ","unit","6",0,"5.04","6.99","41.94","30.240","41.94","6","11.7","C:\\Users\\abner\\OneDrive\\Documents\\Discover Supply\\kyte_images_optimized\\pomada_canela_de_velho.webp"
"","Gel Arnica Fashion Extra Forte - unidade","Fashion","unit","0",0,"3.46","5.95","0","0",0,0,0,"C:\\Users\\abner\\OneDrive\\Documents\\Discover Supply\\kyte_images_optimized\\gel_arnica_fashion_extra_forte___unidade.webp"
"","Sebo de Carneiro Fashion ","Fashion","unit","0",0,"3.99","5.98","0","0","143.52","24","47.76",""
"7896094903067","Biotônico Fontoura - unidade","Suplementos ","unit","0",0,"12.28","17.2","0","0",0,0,0,"C:\\Users\\abner\\OneDrive\\Documents\\Discover Supply\\kyte_images_optimized\\biot_nico_fontoura___unidade.webp"
"","Emulsão de Scott 400ml - unidade ","Suplementos ","unit","30",0,"11.06","16.6","498.000","331.8",0,0,0,""
"","DLC Pomada Arnica c/12","De La Cruz","unit","15",0,"29.28","42.95","644.25","439.200","42.95","1","13.67","C:\\Users\\abner\\OneDrive\\Documents\\Discover Supply\\kyte_images_optimized\\dlc_pomada_arnica_c_12.webp"
"","DLC Pomada Alcanfor De la Cruz - unidade ","De La Cruz","unit","12",0,"34.68","52.2","626.400","416.159",0,0,0,""
"","Pomada Veneno de Abelha e Cobra ","Acessórios ","unit","26",0,"3.95","5.95","154.700","102.7","35.7","6","12",""
"106787","Óleo Rosa Mosqueta Capilo ","Capilo","unit","49",0,"47.4","69.95","3427.55","2322.6","1,811.55","26","602.55",""
"10324286155023","DLC Óleo de Rícino/Castor Oil ","De La Cruz","unit","14",0,"13.92","32.2","450.800","194.88","351.95","11","198.83",""
"","Óleo de Eucalipto DLC c/ 12 2 oz","De La Cruz","unit","11",0,"42","59.95","659.45","462","239.8","4","71.8","C:\\Users\\abner\\OneDrive\\Documents\\Discover Supply\\kyte_images_optimized\\_leo_de_eucalipto_dlc_c__12_2_oz.webp"
"0324286155101","DLC Bicarbonato de Sódio ","De La Cruz","unit","660",0,"1.47","2.2","1452.000","970.199","134.2","15","112.15",""
"7896902206380","Farmax Bicarbonato de Sódio Display c/12","Farmax ","unit","38",0,"21.59","30.25","1149.5","820.42","605","20","173.2","C:\\Users\\abner\\OneDrive\\Documents\\Discover Supply\\kyte_images_optimized\\farmax_bicarbonato_de_s_dio_display_c_12.webp"
"7896902206458","Sal Amargo Farmax Display c/12","Farmax ","unit","9",0,"13.99","21.9","197.1","125.91","109.5","5","39.55","C:\\Users\\abner\\OneDrive\\Documents\\Discover Supply\\kyte_images_optimized\\sal_amargo_farmax_display_c_12.webp"
"","Água Boricada Farmax  com 12 unidades ","Farmax ","unit","20",0,"19.19","26.9","538","383.8","161.4","6","46.26",""
"7896902210653","Água Oxigenada volume 40 Farmax c/12 ","Farmax ","unit","0",0,"14.39","19.95","0","0","19.95","1","5.56",""
"7896902210615","Água Oxigenada volume 30 Farmax c/12 ","Farmax ","unit","0",0,"14.39","19.95","0","0","359.1","18","100.08",""
"","Água Oxigenada volume 10 Farmax c/12 ","Farmax ","unit","0",0,"12.72","18.9","0","0","18.9","1","6.18",""
"17896902210032","Cloreto de Magnésio Farmax Display c/12","Farmax ","unit","0",0,"41.98","58.9","0","0",0,0,0,"C:\\Users\\abner\\OneDrive\\Documents\\Discover Supply\\kyte_images_optimized\\cloreto_de_magn_sio_farmax_display_c_12.webp"
"7896902209121","Acetona Farmax 100ml c/ 12 unidades ","Farmax ","unit","0",0,"17.59","25.95","0","0","640.75","25","201",""
"7896902211025","Óleo de Argan Farmax Display c/12","Farmax ","unit","24",0,"25.9","36.29","870.96","621.599",0,0,0,"C:\\Users\\abner\\OneDrive\\Documents\\Discover Supply\\kyte_images_optimized\\_leo_de_argan_farmax_display_c_12.webp"
"7896902217003","Óleo Rosa Mosqueta Farmax 100ml c/12","Farmax ","unit","0",0,"25.9","39.95","0","0","39.95","1","14.05","C:\\Users\\abner\\OneDrive\\Documents\\Discover Supply\\kyte_images_optimized\\_leo_rosa_mosqueta_farmax_100ml_c_12.webp"
"7896902209763","Pedra Hume Spray Farmax Display c/12","Farmax ","unit","24",0,"45.05","63.05","1513.199","1081.199","436.05","7","107.5","C:\\Users\\abner\\OneDrive\\Documents\\Discover Supply\\kyte_images_optimized\\pedra_hume_spray_farmax_display_c_12.webp"
"7896902211124","Óleo de Babosa Farmax Display c/12","Farmax ","unit","1",0,"25.9","36.29","36.29","25.9","72.58","2","20.78","C:\\Users\\abner\\OneDrive\\Documents\\Discover Supply\\kyte_images_optimized\\_leo_de_babosa_farmax_display_c_12.webp"
"","Pedra Hume Pó Farmax Display c/24","Farmax ","unit","14",0,"38.37","53.75","752.5","537.18","268.75","5","76.9","C:\\Users\\abner\\OneDrive\\Documents\\Discover Supply\\kyte_images_optimized\\pedra_hume_p__farmax_display_c_24.webp"
"7896902212510","Óleo de Rícino Farmax Display c/12","Farmax ","unit","0",0,"24.43","36.65","0","0",0,0,0,"C:\\Users\\abner\\OneDrive\\Documents\\Discover Supply\\kyte_images_optimized\\_leo_de_r_cino_farmax_display_c_12.webp"
"","Solução Fisiológica Farmax 500ml","Farmax ","unit","48",0,"2.76","4.15","199.200","132.48","6,516.42","1,494","2,179.86","C:\\Users\\abner\\OneDrive\\Documents\\Discover Supply\\kyte_images_optimized\\solu__o_fisiol_gica_farmax_500ml.webp"
"17896679221743","Ideal Amolecedor de Cutículas Manteiga de Karitê 100ml - com 12 ","Ideal","unit","42",0,"28.79","39.95","1677.9","1209.18","277.45","7","75.92",""
"7897158700011","Gota Dourada Tônico Capilar Alho Display c/24 30ml","Acessórios ","unit","14",0,"46.79","64.2","898.800","655.06","760.29","12","204.01","C:\\Users\\abner\\OneDrive\\Documents\\Discover Supply\\kyte_images_optimized\\gota_dourada_t_nico_capilar_alho_display_c_24_30ml.webp"
"","Gel Arnica Dr. Ideal - unidade ","Ideal","unit","0",0,"3.93","5.5","0","0","264","48","75.36",""
"7896075702023","Pinça Merheje Pote c/ 120","Acessórios ","unit","12",0,"30.09","45.15","541.8","361.08","313.9","7","103.27","C:\\Users\\abner\\OneDrive\\Documents\\Discover Supply\\kyte_images_optimized\\pin_a_merheje_pote_c__120.webp"
"7896075701491","Espátula de Unha Merheje c/36 ","Produtos de Unha ","unit","14",0,"29.4","42.45","594.300","411.599","84.9","2","26.1",""
"7896229996131","Ampola Natuhair Vitamina A+E+B5 display com 24","Ampolas ","unit","0",0,"21.59","32.4","0","0",0,0,0,"C:\\Users\\abner\\OneDrive\\Documents\\Discover Supply\\kyte_images_optimized\\ampola_natuhair_vitamina_a_e_b5_display_com_24.webp"
"7896015520533","Sonrisal Display c/30 Envelopes","Farmácia ","unit","39",0,"30","52","2028","1170","2,020","39","850","C:\\Users\\abner\\OneDrive\\Documents\\Discover Supply\\kyte_images_optimized\\sonrisal_display_c_30_envelopes.webp"
"7896015560027","Eno Sal de Frutas c/30 Envelopes Duplo","Farmácia ","unit","20",0,"33.99","49.9","998","679.800","1,497","30","457.1","C:\\Users\\abner\\OneDrive\\Documents\\Discover Supply\\kyte_images_optimized\\eno_sal_de_frutas_c_30_envelopes_duplo.webp"
"7896094914155","Estomazil c/ 50 Envelopes ","Farmácia ","unit","46",0,"72","105","4830","3312","4,354.89","42","1,330.89",""
"7896094903289","Epocler - Display com 60 frascos","Farmácia ","unit","17",0,"75","119","2023","1275","5,747","48","2,107","C:\\Users\\abner\\OneDrive\\Documents\\Discover Supply\\kyte_images_optimized\\epocler___display_com_60_frascos.webp"
"7898040920159","Boldo Flora 7 Ervas c/56","Farmácia ","unit","9",0,"33.99","47.6","428.400","305.91","380.8","8","108.88","C:\\Users\\abner\\OneDrive\\Documents\\Discover Supply\\kyte_images_optimized\\boldo_flora_7_ervas_c_56.webp"
"07898607020063","Xarope Misto Alho, Limão e Roma","Suplementos ","unit","0",0,"4.87","7.9","0","0","521.4","66","199.98","C:\\Users\\abner\\OneDrive\\Documents\\Discover Supply\\kyte_images_optimized\\xarope_misto_alho__lim_o_e_roma.webp"
"7898607020070","Xarope Misto Agrião Plus Mel ","Suplementos ","unit","0",0,"4.87","7.9","0","0","331.8","42","127.26",""
"","Xarope da Vovó ","Suplementos ","unit","108",0,"5.31","7.95","858.6","573.479","6,396.94","802","2,012.08",""
"7898607020117","Xarope Misto 7 Ervas Plus Mel ","Suplementos ","unit","6",0,"4.87","7.9","47.400","29.22","758.4","96","290.88",""
"","Xarope Anti Verme ","Suplementos ","unit","78",0,"4.87","7.95","620.1","379.86","572.4","72","221.76",""
"7896521462563","Xarope Antigripal","Suplementos ","unit","36",0,"3.89","6.9","248.4","140.04","1,780.2","258","632.58","C:\\Users\\abner\\OneDrive\\Documents\\Discover Supply\\kyte_images_optimized\\xarope_antigripal.webp"
"","Silicon Mix Argan Tratamento 16oz","Silicon Mix","unit","78",0,"5.15","6.99","545.22","401.700","377.46","54","99.36","C:\\Users\\abner\\OneDrive\\Documents\\Discover Supply\\kyte_images_optimized\\silicon_mix_argan_tratamento_16oz.webp"
"","Silicon Mix Argan Leave-In 8oz","Silicon Mix","unit","106",0,"5.04","7.56","801.36","534.24","226.8","30","75.6","C:\\Users\\abner\\OneDrive\\Documents\\Discover Supply\\kyte_images_optimized\\silicon_mix_argan_leave_in_8oz.webp"
"","Silicon Mix Argan Gotas 4oz","Silicon Mix","unit","84",0,"5.6","7.9","663.6","470.4","189.6","24","55.2","C:\\Users\\abner\\OneDrive\\Documents\\Discover Supply\\kyte_images_optimized\\silicon_mix_argan_gotas_4oz.webp"
"","Lixa de Unha c/ 120","Produtos de Unha ","unit","1",0,"9.1","15.9","15.9","9.1","31.8","2","13.6","C:\\Users\\abner\\OneDrive\\Documents\\Discover Supply\\kyte_images_optimized\\lixa_de_unha_c__120.webp"
"","Pedra Pomes Santa Clara c/ 12","Acessórios ","unit","17",0,"10.39","14.9","253.3","176.63","59.6","4","18.04","C:\\Users\\abner\\OneDrive\\Documents\\Discover Supply\\kyte_images_optimized\\pedra_pomes_santa_clara_c__12.webp"
"","Palito de Unha Paraju Duas Pontas c/ 100","Produtos de Unha ","unit","0",0,"51.29","71.8","0","0","215.4","3","61.53","C:\\Users\\abner\\OneDrive\\Documents\\Discover Supply\\kyte_images_optimized\\palito_de_unha_paraju_duas_pontas_c__100.webp"
"","Palito de Unha Paraju Espátula c/ 100","Produtos de Unha ","unit","4",0,"57.59","78.75","315","230.36","78.75","1","21.16","C:\\Users\\abner\\OneDrive\\Documents\\Discover Supply\\kyte_images_optimized\\palito_de_unha_paraju_esp_tula_c__100.webp"
"","Creme de Massagem Cleópatra - unidade","Pomadas","unit","0",0,"9","14.95","0","0",0,0,0,"C:\\Users\\abner\\OneDrive\\Documents\\Discover Supply\\kyte_images_optimized\\creme_de_massagem_cle_patra___unidade.webp"
"7896902208254","Po Descolorante Queratina Farmax 50g","Farmax ","unit","0",0,"30.03","42.75","0","0",0,0,0,"C:\\Users\\abner\\OneDrive\\Documents\\Discover Supply\\kyte_images_optimized\\po_descolorante_queratina_farmax_50g.webp"
"7896221803017","Marcia Descolorante Camomila c/12","Farmácia ","unit","28",0,"30.59","39.99","1119.72","856.52","1,350.4","34","310.34","C:\\Users\\abner\\OneDrive\\Documents\\Discover Supply\\kyte_images_optimized\\marcia_descolorante_camomila_c_12.webp"
"7898213880747","Romã e Mel Spray c/16","Farmácia ","unit","0",0,"56.83","79.95","0","0","159.9","2","46.24","C:\\Users\\abner\\OneDrive\\Documents\\Discover Supply\\kyte_images_optimized\\rom__e_mel_spray_c_16.webp"
"7898213880723","Própolis Completo Spray c/16","Farmácia ","unit","0",0,"56.83","86.59","0","0","86.59","1","29.76","C:\\Users\\abner\\OneDrive\\Documents\\Discover Supply\\kyte_images_optimized\\pr_polis_completo_spray_c_16.webp"
"7898213880815","Própolis Extrato Spray c/16","Farmácia ","unit","0",0,"49.72","86.59","0","0",0,0,0,"C:\\Users\\abner\\OneDrive\\Documents\\Discover Supply\\kyte_images_optimized\\pr_polis_extrato_spray_c_16.webp"
"7898580382103","Desodorante Creme Pierre Alexander ","Desodorante ","unit","319",0,"6.49","8.95","2855.049","2070.31","966.6","108","265.68",""
"","Vela para Filtro São João ","Diversos","unit","87",0,"2.52","3.8","330.599","219.24","87.4","23","29.44",""
"17896020160059","Tenys Pé Baruel Original c/12","Higiene Pessoal","unit","0",0,"42.49","57.9","0","0","347.4","6","92.46","C:\\Users\\abner\\OneDrive\\Documents\\Discover Supply\\kyte_images_optimized\\tenys_p__baruel_original_c_12.webp"
"17896020160066","Tenys Pé Baruel Canforado c/12","Higiene Pessoal","unit","0",0,"45.89","59.95","0","0","359.7","6","84.36","C:\\Users\\abner\\OneDrive\\Documents\\Discover Supply\\kyte_images_optimized\\tenys_p__baruel_canforado_c_12.webp"
"","Bucha Vegetal c/6","Higiene Pessoal","unit","0",0,"11.69","16.45","0","0","296.1","18","85.68","C:\\Users\\abner\\OneDrive\\Documents\\Discover Supply\\kyte_images_optimized\\bucha_vegetal_c_6.webp"
"","Forma de Bolo #24","Alumínio ","unit","0",0,"4.83","6.46","0","0",0,0,0,"C:\\Users\\abner\\OneDrive\\Documents\\Discover Supply\\kyte_images_optimized\\forma_de_bolo__24.webp"
"","Forma de Bolo Arco Iris #26 - unidade","Alumínio ","unit","27",0,"18.16","24.9","672.3","490.32",0,0,0,"C:\\Users\\abner\\OneDrive\\Documents\\Discover Supply\\kyte_images_optimized\\forma_de_bolo_arco_iris__26___unidade.webp"
"","Forma Pudim Alumínio #22 - unidade","Alumínio ","unit","0",0,"3.95","5.95","0","0",0,0,0,"C:\\Users\\abner\\OneDrive\\Documents\\Discover Supply\\kyte_images_optimized\\forma_pudim_alum_nio__22___unidade.webp"
"7896512904089","Polvilho Granado Tradicional c/12","Higiene Pessoal","unit","24",0,"39.95","57.95","1390.800","958.800","1,627.45","28","448.01","C:\\Users\\abner\\OneDrive\\Documents\\Discover Supply\\kyte_images_optimized\\polvilho_granado_tradicional_c_12.webp"
"17896049528519","Desodorante Creme Herbissimo Tradicional c/12","Desodorante ","unit","44",0,"15.79","25.2","1108.8","694.76","1,083.6","43","404.63","C:\\Users\\abner\\OneDrive\\Documents\\Discover Supply\\kyte_images_optimized\\desodorante_creme_herbissimo_tradicional_c_12.webp"
"7896092000072","Desodorante Dap Roll-On Sem Perfume com 6","Desodorante ","unit","475",0,"17.49","26.95","12801.25","8307.75","350.35","13","122.98","C:\\Users\\abner\\OneDrive\\Documents\\Discover Supply\\kyte_images_optimized\\desodorante_dap_roll_on_sem_perfume_com_6.webp"
"7896092000010","Desodorante Dap Pote Sem Perfume com 6 ","Desodorante ","unit","322",0,"16.79","25.95","8355.9","5406.38","570.9","22","201.52",""
"","Canecão de Alumínio Cabo de Madeira #12 1L","Alumínio ","unit","1",0,"4.83","7.24","7.24","4.83","36.2","5","12.05","C:\\Users\\abner\\OneDrive\\Documents\\Discover Supply\\kyte_images_optimized\\canec_o_de_alum_nio_cabo_de_madeira__12_1l.webp"
"","Canecão de Alumínio Cabo de Madeira #14 1.5L","Alumínio ","unit","1",0,"8.29","7.9","7.9","8.29",0,0,0,"C:\\Users\\abner\\OneDrive\\Documents\\Discover Supply\\kyte_images_optimized\\canec_o_de_alum_nio_cabo_de_madeira__14_1_5l.webp"
"","Canecão de Alumínio Preto #12 1L","Alumínio ","unit","0",0,"4.83","7.25","0","0","14.5","2","4.84","C:\\Users\\abner\\OneDrive\\Documents\\Discover Supply\\kyte_images_optimized\\canec_o_de_alum_nio_preto__12_1l.webp"
"","Canecão de Alumínio CRS#12  black cabo plástico 1lts","Alumínio ","unit","22",0,"5.53","8.29","182.38","121.660","33.16","4","11.04","C:\\Users\\abner\\OneDrive\\Documents\\Discover Supply\\kyte_images_optimized\\canec_o_de_alum_nio_crs_12__black_cabo_pl_stico_1lts.webp"
"7898583470111","Casco de Cavalo Endurecedora Trop Care c/ 12","Produtos de Unha ","unit","74",0,"44.09","59.95","4436.3","3262.660","1,019.15","17","269.62","C:\\Users\\abner\\OneDrive\\Documents\\Discover Supply\\kyte_images_optimized\\casco_de_cavalo_endurecedora_trop_care_c__12.webp"
"7898583470210","Casco de Cavalo Fortalecedora Trop Care - c/12","Produtos de Unha ","unit","15",0,"41.64","58.95","884.25","624.6","1,195","20","323","C:\\Users\\abner\\OneDrive\\Documents\\Discover Supply\\kyte_images_optimized\\casco_de_cavalo_fortalecedora_trop_care___c_12.webp"
"7898964247578","Volia Gel Classic Cover Glitter - unidade","Produtos de Unha ","unit","0",0,"23.09","32.49","0","0",0,0,0,"C:\\Users\\abner\\OneDrive\\Documents\\Discover Supply\\kyte_images_optimized\\volia_gel_classic_cover_glitter___unidade.webp"
"7898964247554","Volia Gel Classic Pink Glitter - unidade ","Produtos de Unha ","unit","0",0,"23.09","32.49","0","0",0,0,0,""
"7898964247547","Volia Gel Classic Nude Glitter - unidade","Produtos de Unha ","unit","0",0,"23.09","32.49","0","0",0,0,0,"C:\\Users\\abner\\OneDrive\\Documents\\Discover Supply\\kyte_images_optimized\\volia_gel_classic_nude_glitter___unidade.webp"
"7898964247219","Volia Gel Classic Pink - unidade","Produtos de Unha ","unit","0",0,"23.09","32.49","0","0",0,0,0,"C:\\Users\\abner\\OneDrive\\Documents\\Discover Supply\\kyte_images_optimized\\volia_gel_classic_pink___unidade.webp"
"","Vita Seiva Bálsamo Tratamento Babosa","Vita Seiva","unit","0",0,"6.53","9.95","0","0",0,0,0,"C:\\Users\\abner\\OneDrive\\Documents\\Discover Supply\\kyte_images_optimized\\vita_seiva_b_lsamo_tratamento_babosa.webp"
"","Vita Seiva Shampoo Côco ","Vita Seiva","unit","144",0,"4.79","4.99","718.560","689.76","29.94","6","1.2",""
"","Vita Seiva Condicionador de Côco ","Vita Seiva","unit","186",0,"5.02","5.95","1106.7","933.719","35.7","6","5.58",""
"","Vita Seiva Tratamento Manteiga e Oleo de Côco","Vita Seiva","unit","12",0,"5.54","5.95","71.4","66.48","128.7","18","28.98","C:\\Users\\abner\\OneDrive\\Documents\\Discover Supply\\kyte_images_optimized\\vita_seiva_tratamento_manteiga_e_oleo_de_c_co.webp"
"","Vita Seiva Creme Tratamento de Rosa Mosqueta ","Vita Seiva","unit","246",0,"6.49","6.99","1719.54","1596.54","41.94","6","3",""
"","Vita Seiva Shampoo de Rosa Mosqueta","Vita Seiva","unit","72",0,"4.79","4.99","359.280","344.88","29.94","6","1.2","C:\\Users\\abner\\OneDrive\\Documents\\Discover Supply\\kyte_images_optimized\\vita_seiva_shampoo_de_rosa_mosqueta.webp"
"","Vita Seiva Condicionador de Rosa Mosqueta","Vita Seiva","unit","0",0,"5.19","5.95","0","0",0,0,0,"C:\\Users\\abner\\OneDrive\\Documents\\Discover Supply\\kyte_images_optimized\\vita_seiva_condicionador_de_rosa_mosqueta.webp"
"","Silicon Mix Tratamento Regular 8oz","Silicon Mix","unit","84",0,"2.52","3.8","319.2","211.68","45.6","12","15.36","C:\\Users\\abner\\OneDrive\\Documents\\Discover Supply\\kyte_images_optimized\\silicon_mix_tratamento_regular_8oz.webp"
"","Silicon Mix Tratamento Regular 16oz","Silicon Mix","unit","12",0,"4.7","6.59","79.08","56.400","1,146.66","174","328.86","C:\\Users\\abner\\OneDrive\\Documents\\Discover Supply\\kyte_images_optimized\\silicon_mix_tratamento_regular_16oz.webp"
"","Silicon Mix Tratamento Regular 60oz","Silicon Mix","unit","36",0,"12.15","16.99","611.64","437.400","611.64","36","174.24","C:\\Users\\abner\\OneDrive\\Documents\\Discover Supply\\kyte_images_optimized\\silicon_mix_tratamento_regular_60oz.webp"
"","Silicon Mix Tratamento Regular 36oz","Silicon Mix","unit","12",0,"7.15","9.95","119.399","85.800","1,072.32","108","300.12","C:\\Users\\abner\\OneDrive\\Documents\\Discover Supply\\kyte_images_optimized\\silicon_mix_tratamento_regular_36oz.webp"
"","Silicon Mix Shampoo Hidratante 16oz","Silicon Mix","unit","94",0,"2.85","3.99","375.06","267.900","454.86","114","129.96","C:\\Users\\abner\\OneDrive\\Documents\\Discover Supply\\kyte_images_optimized\\silicon_mix_shampoo_hidratante_16oz.webp"
"","Silicon Mix Gotas de Brilho 4oz","Silicon Mix","unit","204",0,"5.4","7.85","1601.399","1101.600","329.7","42","102.9","C:\\Users\\abner\\OneDrive\\Documents\\Discover Supply\\kyte_images_optimized\\silicon_mix_gotas_de_brilho_4oz.webp"
"","Silicon Mix Liso Sedoso Leave-In 8oz","Silicon Mix","unit","141",0,"5","6.99","985.59","705","419.4","60","119.4","C:\\Users\\abner\\OneDrive\\Documents\\Discover Supply\\kyte_images_optimized\\silicon_mix_liso_sedoso_leave_in_8oz.webp"
"","Silicon Mix Bambu Tratamento 16oz","Silicon Mix","unit","60",0,"4.7","6.59","395.4","282","1,225.74","186","351.54","C:\\Users\\abner\\OneDrive\\Documents\\Discover Supply\\kyte_images_optimized\\silicon_mix_bambu_tratamento_16oz.webp"
"","Silicon Mix Bambu Tratamento 8oz","Silicon Mix","unit","24",0,"2.52","3.85","92.4","60.480","92.4","24","31.92","C:\\Users\\abner\\OneDrive\\Documents\\Discover Supply\\kyte_images_optimized\\silicon_mix_bambu_tratamento_8oz.webp"
"","Silicon Mix Bambu Tratamento 36oz","Silicon Mix","unit","0",0,"7.15","9.95","0","0","895.5","90","252","C:\\Users\\abner\\OneDrive\\Documents\\Discover Supply\\kyte_images_optimized\\silicon_mix_bambu_tratamento_36oz.webp"
"","Silicon Mix Bambu Tratamento 60oz","Silicon Mix","unit","18",0,"10.8","16.99","305.82","194.4","713.58","42","259.98","C:\\Users\\abner\\OneDrive\\Documents\\Discover Supply\\kyte_images_optimized\\silicon_mix_bambu_tratamento_60oz.webp"
"","Silicon Mix Gotas de Bambu 4oz","Silicon Mix","unit","162",0,"5","7.85","1271.7","810","659.4","84","239.4","C:\\Users\\abner\\OneDrive\\Documents\\Discover Supply\\kyte_images_optimized\\silicon_mix_gotas_de_bambu_4oz.webp"
"","Silicon Mix Bambu Leave-In 8oz","Silicon Mix","unit","30",0,"5","6.99","209.700","150","671.04","96","191.04","C:\\Users\\abner\\OneDrive\\Documents\\Discover Supply\\kyte_images_optimized\\silicon_mix_bambu_leave_in_8oz.webp"
"","Silicon Mix Bambu Shampoo Nutritivo 16oz","Silicon Mix","unit","12",0,"2.85","3.99","47.88","34.2","574.56","144","164.16","C:\\Users\\abner\\OneDrive\\Documents\\Discover Supply\\kyte_images_optimized\\silicon_mix_bambu_shampoo_nutritivo_16oz.webp"
"","Silicon Mix Perla Shampoo 16oz","Silicon Mix","unit","6",0,"2.55","3.9","23.4","15.299",0,0,0,"C:\\Users\\abner\\OneDrive\\Documents\\Discover Supply\\kyte_images_optimized\\silicon_mix_perla_shampoo_16oz.webp"
"","Silicon Mix Perla Leave-In","Silicon Mix","unit","24",0,"5.1","7.15","171.600","122.399",0,0,0,"C:\\Users\\abner\\OneDrive\\Documents\\Discover Supply\\kyte_images_optimized\\silicon_mix_perla_leave_in.webp"
"","Silicon Mix Argan Shampoo 16oz","Silicon Mix","unit","78",0,"2.96","4.15","323.700","230.88","74.7","18","21.42","C:\\Users\\abner\\OneDrive\\Documents\\Discover Supply\\kyte_images_optimized\\silicon_mix_argan_shampoo_16oz.webp"
"","Silicon Mix Argan Tratamento 36oz","Silicon Mix","unit","10",0,"8.36","11.95","119.5","83.6","143.4","12","43.08","C:\\Users\\abner\\OneDrive\\Documents\\Discover Supply\\kyte_images_optimized\\silicon_mix_argan_tratamento_36oz.webp"
"7896093001054","Vick Pyrenean c/ 30 Envelopes ","Farmácia ","unit","0",0,"55.99","78.45","0","0",0,0,0,""
"","Chá Seca Barriga Nutry Valle 150G - unidade","Chás ","unit","0",0,"2.79","5.95","0","0",0,0,0,"C:\\Users\\abner\\OneDrive\\Documents\\Discover Supply\\kyte_images_optimized\\ch__seca_barriga_nutry_valle_150g___unidade.webp"
"","Crece Pelo Tratamento 16oz - unidade","Produtos de Cabelo","unit","12",0,"4.5","6.3","75.6","54","189","30","54","C:\\Users\\abner\\OneDrive\\Documents\\Discover Supply\\kyte_images_optimized\\crece_pelo_tratamento_16oz___unidade.webp"
"","Crece Pelo Tratamento 36oz - unidade","Produtos de Cabelo","unit","6",0,"7","9.95","59.699","42","119.4","12","35.4","C:\\Users\\abner\\OneDrive\\Documents\\Discover Supply\\kyte_images_optimized\\crece_pelo_tratamento_36oz___unidade.webp"
"7464396434000","Crece Pelo Ampola - Display c/24","Produtos de Cabelo","unit","16",0,"40","56","896","640","56","1","16","C:\\Users\\abner\\OneDrive\\Documents\\Discover Supply\\kyte_images_optimized\\crece_pelo_ampola___display_c_24.webp"
"","Íntimo Gel Angels 8oz - unidade","Higiene Pessoal","unit","13",0,"3.2","4.9","63.7","41.6",0,0,0,"C:\\Users\\abner\\OneDrive\\Documents\\Discover Supply\\kyte_images_optimized\\_ntimo_gel_angels_8oz___unidade.webp"
"7896806700038","Leite de Rosas 170ml - c/12","Desodorante ","unit","0",0,"23.16","39","0","0",0,0,0,"C:\\Users\\abner\\OneDrive\\Documents\\Discover Supply\\kyte_images_optimized\\leite_de_rosas_170ml___c_12.webp"
"7896806700021","Leite de Rosas 100ml - c/12","Desodorante ","unit","24",0,"20.76","35.4","849.599","498.24","212.4","6","87.84","C:\\Users\\abner\\OneDrive\\Documents\\Discover Supply\\kyte_images_optimized\\leite_de_rosas_100ml___c_12.webp"
"0324286153411","DLC Merthiolate c/12","De La Cruz","unit","23",0,"19.8","29.9","687.699","455.400",0,0,0,"C:\\Users\\abner\\OneDrive\\Documents\\Discover Supply\\kyte_images_optimized\\dlc_merthiolate_c_12.webp"
"0324286153619","DLC Tintura de Violeta  c/12","De La Cruz","unit","9",0,"15.84","25.4","228.6","142.56","50.8","2","19.12","C:\\Users\\abner\\OneDrive\\Documents\\Discover Supply\\kyte_images_optimized\\dlc_tintura_de_violeta__c_12.webp"
"7464521733060","Mel Balsamic Jarabe ","Suplementos ","unit","36",0,"3.75","7.9","284.400","135","616.2","78","323.7",""
"7898484500870","Seca Barriga, Goge Berry + Colágeno c/6 unidades, 120 cápsulas ","Suplementos ","unit","2",0,"45.78","59.4","118.8","91.56",0,0,0,""
"78905108","Pomada Minancora c/12","Farmácia ","unit","0",0,"79.84","107.95","0","0","1,403.35","13","365.43","C:\\Users\\abner\\OneDrive\\Documents\\Discover Supply\\kyte_images_optimized\\pomada_minancora_c_12.webp"
"","Hipoglos Pomada Regular - unidade","Farmácia ","unit","0",0,"9","16.95","0","0","1,824.6","108","852.6","C:\\Users\\abner\\OneDrive\\Documents\\Discover Supply\\kyte_images_optimized\\hipoglos_pomada_regular___unidade.webp"
"","Bepantol Líquido Derma - unidade ","Farmácia ","unit","166",0,"16.79","26.9","4465.4","2787.14","538","20","202.2",""
"","Bepantol Derma Hidratante Creme - unidade","Farmácia ","unit","0",0,"17.44","28.95","0","0","636.9","22","253.22","C:\\Users\\abner\\OneDrive\\Documents\\Discover Supply\\kyte_images_optimized\\bepantol_derma_hidratante_creme___unidade.webp"
"","Cortador de Feijão unidade","Acessórios ","unit","43",0,"2.33","3.49","150.070","100.19","20.94","6","6.96","C:\\Users\\abner\\OneDrive\\Documents\\Discover Supply\\kyte_images_optimized\\cortador_de_feij_o_unidade.webp"
"7896075707219","Espátula Profissional Inox Merheje ","Produtos de Unha ","unit","0",0,"3.49","4.9","0","0",0,0,0,""
"7896279103787","Óleo de Amêndoas com Colágeno Muriel c/6 100 ml","Óleo ","unit","11",0,"33.99","44.99","494.890","373.890","179.39","4","49.43","C:\\Users\\abner\\OneDrive\\Documents\\Discover Supply\\kyte_images_optimized\\_leo_de_am_ndoas_com_col_geno_muriel_c_6_100_ml.webp"
"7898277711032","Guaraná em Capsula Arte Nativa","Suplementos ","unit","0",0,"1.85","2.95","0","0",0,0,0,"C:\\Users\\abner\\OneDrive\\Documents\\Discover Supply\\kyte_images_optimized\\guaran__em_capsula_arte_nativa.webp"
"","Sol Natus Chá Abacateiro ","Chás ","unit","0",0,"14.54","25.85","0","0","25.85","1","11.31",""
"","Sol Natus Chá Açafrão ","Chás ","unit","206",0,"13.84","24.95","5139.7","2851.04","224.55","9","99.99",""
"","Sol Natus Chá Agoniada ","Chás ","unit","7",0,"14.54","25.95","181.65","101.78",0,0,0,""
"","Sol Natus Chá Alcachofra ","Chás ","unit","0",0,"14.54","25.95","0","0","207.6","8","91.28",""
"","Sol Natus Chá Alcaçuz ","Chás ","unit","0",0,"13.85","24.95","0","0",0,0,0,""
"","Sol Natus Chá Alecrim ","Chás ","unit","61",0,"16.62","24.95","1521.95","1013.82","487.05","19","198.31",""
"","Sol Natus Chá Alfazema ","Chás ","unit","206",0,"16.1","24.95","5139.7","3316.600","349.3","14","123.9",""
"","Sol Natus Chá Algodão Folha","Chás ","unit","257",0,"16.62","24.95","6412.15","4271.34","1,163.05","45","350.67","C:\\Users\\abner\\OneDrive\\Documents\\Discover Supply\\kyte_images_optimized\\sol_natus_ch__algod_o_folha.webp"
"","Sol Natus Chá Amora Branca ","Chás ","unit","62",0,"16.62","24.95","1546.899","1030.44","744.35","29","334.39",""
"","Sol Natus Chá Angélica - pct c/6","Chás ","unit","0",0,"13.85","24.95","0","0",0,0,0,"C:\\Users\\abner\\OneDrive\\Documents\\Discover Supply\\kyte_images_optimized\\sol_natus_ch__ang_lica___pct_c_6.webp"
"","Sol Natus Chá Arnica ","Chás ","unit","293",0,"16.62","24.95","7310.349","4869.66","722.6","28","307.16",""
"","Sol Natus Chá Aroeira ","Chás ","unit","87",0,"13.85","24.95","2170.65","1204.95","349.3","14","155.4",""
"","Sol Natus Chá Arruda ","Chás ","unit","59",0,"16.62","24.95","1472.05","980.58","462.1","18","135.9",""
"","Sol Natus Chá Artemísia ","Chás ","unit","18",0,"13.85","24.95","449.099","249.299","74.85","3","33.3",""
"","Sol Natus Chá Assa Peixe ","Chás ","unit","23",0,"13.85","25.95","596.85","318.55","51.9","2","24.2",""
"","Sol Natus Chá  Erva Baleeira ","Chás ","unit","24",0,"15.82","26.95","646.8","379.68","161.7","6","66.78",""
"","Sol Natus Chá Barbatimão ","Chás ","unit","32",0,"16.62","24.65","788.8","531.84","660.35","25","288.53",""
"","Sol Natus Chá Bardana ","Chás ","unit","14",0,"15.82","26.9","376.599","221.480",0,0,0,""
"","Sol Natus Chá Boldo","Chás ","unit","340",0,"14.54","26.85","9129","4943.599","1,664.7","62","763.22","C:\\Users\\abner\\OneDrive\\Documents\\Discover Supply\\kyte_images_optimized\\sol_natus_ch__boldo.webp"
"","Sol Natus Chá Branco ","Chás ","unit","1",0,"15.82","26.95","26.95","15.82","80.85","3","33.39",""
"","Sol Natus Chá Calêndula ","Chás ","unit","14",0,"20.79","29.99","419.859","291.06","29.99","1","9.2",""
"","Sol Natus Chá Camomila ","Chás ","unit","485",0,"18.39","26.25","12731.25","8919.15","2,966.25","113","857.8",""
"","Sol Natus Chá Canela de Velho ","Chás ","unit","42",0,"13.85","24.95","1047.899","581.699","324.36","14","130.46",""
"","Sol Natus Chá Carqueja ","Chás ","unit","116",0,"16.62","24.95","2894.2","1927.92","523.95","21","219.25",""
"","Sol Natus Chá Cáscara Sagrada ","Chás ","unit","0",0,"20.01","29.99","0","0","119.96","4","39.92",""
"","Sol Natus Chá Cavalinha ","Chás ","unit","140",0,"16.62","24.95","3493","2326.8","4,273.8","164","1,256.92",""
"","Sol Natus Chá Centelha Asiática ","Chás ","unit","233",0,"16.62","24.95","5813.349","3872.46","51.9","2","14.5",""
"","Sol Natus Chamix 30 Ervas ","Chás ","unit","256",0,"13.85","25.75","6592","3545.6","180.25","7","83.3",""
"","Sol Natus Chá Cidreira ","Chás ","unit","139",0,"16.62","24.65","3426.35","2310.180","2,577.95","99","753.69",""
"","Sol Natus Chá Cipó Mil Homens ","Chás ","unit","19",0,"13.85","24.95","474.05","263.15","24.95","1","11.1",""
"","Chá Natus Coentro - pct  c/6","Chás ","unit","177",0,"13.85","24.95","4416.15","2451.45","99.8","4","44.4","C:\\Users\\abner\\OneDrive\\Documents\\Discover Supply\\kyte_images_optimized\\ch__natus_coentro___pct__c_6.webp"
"","Sol Natus Chá  Confrei ","Chás ","unit","1",0,"13.85","24.95","24.95","13.85",0,0,0,""
"","Sol Natus Chá Dente de Leão ","Chás ","unit","75",0,"16.62","24.95","1871.25","1246.5","531.45","21","223.98",""
"","Sol Natus Chá Douradinha ","Chás ","unit","214",0,"13.85","24.95","5339.3","2963.9","99.8","4","44.4",""
"","Sol Natus Chá Erva de Bicho ","Chás ","unit","8",0,"13.85","24.95","199.6","110.8","49.9","2","22.2",""
"","Sol Natus Chá Erva de São João ","Chás ","unit","278",0,"15.82","24.95","6936.099","4397.96","149.7","6","44.88",""
"","Sol Natus Chá Espinheira Santa ","Chás ","unit","146",0,"15.82","24.95","3642.7","2309.720","6,213.8","244","2,104.24",""
"","Sol Natus Chá Eucalipto ","Chás ","unit","254",0,"15.82","24.95","6337.3","4018.28","711.6","28","319.86",""
"","Sol Natus Cha Laranjeira Folha ","Chás ","unit","252",0,"13.85","24.95","6287.4","3490.2","474.05","19","210.9",""
"","Sol Natus Chá Funcho ","Chás ","unit","38",0,"15.82","24.95","948.1","601.16","616.4","24","280.06",""
"","Sol Natus Gingo Biloba ","Chás ","unit","14",0,"13.85","24.95","349.3","193.9","249.5","10","111",""
"","Sol Natus Cha de Graviola ","Chás ","unit","63",0,"15.82","24.95","1571.85","996.66","1,147.7","46","344.74",""
"","Sol Natus Cha Guaco","Chás ","unit","279",0,"15.82","24.95","6961.05","4413.78","798.06","40","236.18","C:\\Users\\abner\\OneDrive\\Documents\\Discover Supply\\kyte_images_optimized\\sol_natus_cha_guaco.webp"
"","Sol  Natus Cha Hibisco ","Chás ","unit","230",0,"17.59","26.39","6069.7","4045.7","2,529.05","92","763.37",""
"","Sol Natus Cha Hortelã ","Chás ","unit","58",0,"15.89","24.95","1447.1","921.62","848.3","34","256.47",""
"","Sol Natus Cha Insulina (Pedra Hume) ","Chás ","unit","0",0,"13.85","24.95","0","0",0,0,0,""
"","Sol  Natus Cha Ipê Roxo","Chás ","unit","0",0,"13.85","25.75","0","0","283.25","11","130.9","C:\\Users\\abner\\OneDrive\\Documents\\Discover Supply\\kyte_images_optimized\\sol__natus_cha_ip__roxo.webp"
"","Sol Natus Cha Jambolão ","Chás ","unit","16",0,"13.85","25.75","412","221.6","77.25","3","35.7",""
"","Sol Natus Cha Levante ","Chás ","unit","226",0,"13.85","24.95","5638.7","3130.1","49.9","2","22.2",""
"","Sol Natus Cha Losna","Chás ","unit","37",0,"15.82","24.95","923.15","585.34","199.6","8","86.83","C:\\Users\\abner\\OneDrive\\Documents\\Discover Supply\\kyte_images_optimized\\sol_natus_cha_losna.webp"
"","Sol Natus Cha Macela ","Chás ","unit","244",0,"13.85","24.95","6087.8","3379.4","124.75","5","55.5",""
"","Sol Natus Cha Malva ","Chás ","unit","51",0,"13.85","24.95","1272.45","706.35","149.7","6","66.6",""
"null","Sol Natus Cha Mama Cadela ","Chás ","unit","0",0,"18.9","28.49","0","0",0,0,0,""
"","Sol Natus Cha Manjericão ","Chás ","unit","34",0,"15.82","24.95","848.3","537.88","249.5","10","109.03",""
"","Sol Natus Cha Melão São Caetano ","Chás ","unit","238",0,"13.85","24.95","5938.099","3296.299","623.75","25","277.5",""
"","Sol Natus Cha Melissa ","Chás ","unit","266",0,"15.82","24.95","6636.7","4208.12","399.2","16","171.69",""
"","Sol Natus Cha Moringa ","Chás ","unit","252",0,"15.89","24.95","6287.4","4004.28","648.7","26","258.45",""
"","Sol Natus Cha Mulungu","Chás ","unit","32",0,"15.82","24.95","798.4","506.24","648.71","27","179.99","C:\\Users\\abner\\OneDrive\\Documents\\Discover Supply\\kyte_images_optimized\\sol_natus_cha_mulungu.webp"
"","Sol Natus Cha Oliveira ","Chás ","unit","18",0,"15.82","24.95","449.099","284.76","124.75","5","51.56",""
"","Sol Natus Cha Ora Pro Nóbis ","Chás ","unit","82",0,"21.68","29.99","2459.18","1777.76","569.81","19","197.64",""
"","Sol Natus Cha Para Tudo ","Chás ","unit","31",0,"15.82","24.95","773.449","490.42","124.75","5","51.56",""
"","Sol Natus Cha Passiflora","Chás ","unit","17",0,"13.85","24.95","424.15","235.45","399.2","16","177.6","C:\\Users\\abner\\OneDrive\\Documents\\Discover Supply\\kyte_images_optimized\\sol_natus_cha_passiflora.webp"
"","Sol Natus Cha Pata de Vaca ","Chás ","unit","25",0,"13.85","24.95","623.75","346.25","573.85","23","255.3",""
"","Sol Natus Cha Pau Tenente ","Chás ","unit","10",0,"13.85","24.95","249.5","138.5","349.3","14","155.4",""
"","Sol Natus Cha de Picão","Chás ","unit","279",0,"15.82","24.95","6961.05","4413.78","898.2","36","273.24","C:\\Users\\abner\\OneDrive\\Documents\\Discover Supply\\kyte_images_optimized\\sol_natus_cha_de_pic_o.webp"
"","Sol Natus Cha Poejo ","Chás ","unit","255",0,"13.85","24.95","6362.25","3531.75","324.36","14","130.46",""
"","Sol Natus Cha Porongaba ","Chás ","unit","0",0,"13.85","24.95","0","0",0,0,0,""
"","Sol Natus Cha Quebra Pedra ","Chás ","unit","471",0,"19.99","27.99","13183.289","9415.289","2,111.29","71","537",""
"","Sol Natus Cha Salsa Parrilha ","Chás ","unit","64",0,"13.85","24.95","1596.8","886.4","49.9","2","22.2",""
"","Sol Natus Cha Sálvia ","Chás ","unit","13",0,"15.82","24.95","324.349","205.66","104.75","5","33.53",""
"","Sol Natus Cha Semente de Sucupira ","Chás ","unit","112",0,"23.99","32.6","3651.200","2686.879","656","19","164.19",""
"","Sol Natus Cha Sene ","Chás ","unit","248",0,"15.82","24.95","6187.599","3923.36","1,072.85","43","455.95",""
"","Sol Natus Cha Tansagem ","Chás ","unit","93",0,"13.85","24.95","2320.35","1288.05","1,072.85","43","477.3",""
"","Sol Natus Cha Unha de Gato ","Chás ","unit","296",0,"15.82","24.95","7385.2","4682.72","598.8","24","173.58",""
"","Sol Natus Cha Urtiga ","Chás ","unit","240",0,"13.85","24.95","5988","3324","124.75","5","55.5",""
"","Sol Natus Cha Uxi Amarelo ","Chás ","unit","23",0,"15.82","24.95","573.85","363.86","569.9","22","183.54",""
"","Sol Natus Banchá (Chá Verde)","Chás ","unit","14",0,"13.85","24.95","349.3","193.9","449.1","18","199.8","C:\\Users\\abner\\OneDrive\\Documents\\Discover Supply\\kyte_images_optimized\\sol_natus_banch___ch__verde_.webp"
"","Sol Natus Chá Erva Doce ","Chás ","unit","63",0,"15.82","24.95","1571.85","996.66","1,716.45","67","766.83",""
"","Sol Natus Chá Imburana ","Chás ","unit","13",0,"15.82","26.95","350.349","205.66","53.9","2","22.26",""
"7898277710059","Guaraná em Pó Po Arte Nativa ","Suplementos ","unit","0",0,"3.08","4.65","0","0",0,0,0,""
"","Hair Life Super Cachos c/ 12","Produtos de Cabelo","unit","5",0,"35.99","53.98","269.9","179.950","53.98","1","17.99","C:\\Users\\abner\\OneDrive\\Documents\\Discover Supply\\kyte_images_optimized\\hair_life_super_cachos_c__12.webp"
"","Hair Life Cachos & Natural c/ 12","Produtos de Cabelo","unit","5",0,"35.99","53.98","269.9","179.950","107.96","2","35.98","C:\\Users\\abner\\OneDrive\\Documents\\Discover Supply\\kyte_images_optimized\\hair_life_cachos___natural_c__12.webp"
"","Evo Beauty Garlic Shampoo 16oz","Produtos de Cabelo","unit","0",0,"3.85","5.4","0","0",0,0,0,"C:\\Users\\abner\\OneDrive\\Documents\\Discover Supply\\kyte_images_optimized\\evo_beauty_garlic_shampoo_16oz.webp"
"","Evo Beauty Garlic Conditioner 16oz","Produtos de Cabelo","unit","8",0,"3.85","5.4","43.2","30.8",0,0,0,"C:\\Users\\abner\\OneDrive\\Documents\\Discover Supply\\kyte_images_optimized\\evo_beauty_garlic_conditioner_16oz.webp"
"","Evo Beauty Garlic Gotas de Brilho 4oz","Produtos de Cabelo","unit","24",0,"4.25","6.99","167.76","102","671.04","96","263.04","C:\\Users\\abner\\OneDrive\\Documents\\Discover Supply\\kyte_images_optimized\\evo_beauty_garlic_gotas_de_brilho_4oz.webp"
"","Evo Beauty Garlic Leave-In 8oz","Produtos de Cabelo","unit","90",0,"5.6","7.95","715.5","503.999",0,0,0,"C:\\Users\\abner\\OneDrive\\Documents\\Discover Supply\\kyte_images_optimized\\evo_beauty_garlic_leave_in_8oz.webp"
"","Evo Beauty Garlic Tratamento 16oz","Produtos de Cabelo","unit","14",0,"5.55","7.8","109.2","77.7",0,0,0,"C:\\Users\\abner\\OneDrive\\Documents\\Discover Supply\\kyte_images_optimized\\evo_beauty_garlic_tratamento_16oz.webp"
"","Evo Beauty Onion Shampoo 16oz ","Produtos de Cabelo","unit","33",0,"3.6","5.39","177.869","118.8","32.34","6","10.74",""
"","Evo Beauty Onion Conditioner 16oz ","Produtos de Cabelo","unit","30",0,"3.6","5.4","162","108","32.4","6","10.8",""
"","Evo Beauty Onion Tratamento 16oz","Produtos de Cabelo","unit","34",0,"5.2","7.8","265.2","176.8","46.8","6","15.6","C:\\Users\\abner\\OneDrive\\Documents\\Discover Supply\\kyte_images_optimized\\evo_beauty_onion_tratamento_16oz.webp"
"","Dermaline Creme Rosa Mosqueta - unidade ","Higiene Pessoal","unit","0",0,"3.95","6.45","0","0","155.04","48","-34.56",""
"17896229909633","Natuhair Oleo Capilar Biotina c/12","Produtos de Cabelo","unit","0",0,"37.8","52.9","0","0",0,0,0,"C:\\Users\\abner\\OneDrive\\Documents\\Discover Supply\\kyte_images_optimized\\natuhair_oleo_capilar_biotina_c_12.webp"
"37896229909613","Natuhair Oleo Capilar Vitaminas A+E+B5 c/6 Unidades ","Produtos de Cabelo","unit","0",0,"27.2","38.07","0","0",0,0,0,""
"0324286162406","Gas Relief DLC - unidade ","De La Cruz","unit","84",0,"3.86","5.95","499.8","324.24","142.8","24","50.16",""
"","Creme Aloe Vera DLC -unidade","De La Cruz","unit","102",0,"2.39","3.9","397.8","243.78",0,0,0,"C:\\Users\\abner\\OneDrive\\Documents\\Discover Supply\\kyte_images_optimized\\creme_aloe_vera_dlc__unidade.webp"
"","Creme Colágeno KQ 4oz  - unidade","Germa","unit","60",0,"5.15","7.75","465","309",0,0,0,"C:\\Users\\abner\\OneDrive\\Documents\\Discover Supply\\kyte_images_optimized\\creme_col_geno_kq_4oz____unidade.webp"
"7468548540113","Angels Gotero Rosa Mosqueta - unidade ","Óleo ","unit","30",0,"7.2","9.75","292.5","216","409.5","42","107.1",""
"","Pomada Basilicão 27g","Pomadas","unit","0",0,"6","9.9","0","0","59.4","6","23.4","C:\\Users\\abner\\OneDrive\\Documents\\Discover Supply\\kyte_images_optimized\\pomada_basilic_o_27g.webp"
"","Churrasqueira Folding 18in ","Diversos","unit","18",0,"19.66","29.49","530.819","353.88",0,0,0,""
"08720181114625","Axe Desodorante Apollo 150ml - c/12 ","Desodorante ","unit","12",0,"22.5","33.75","405","270","67.5","2","22.5",""
"","Axe  Desodorante Spray Anarchy 150ml Caixa c/12","Desodorante ","unit","0",0,"22","33","0","0",0,0,0,"C:\\Users\\abner\\OneDrive\\Documents\\Discover Supply\\kyte_images_optimized\\axe__desodorante_spray_anarchy_150ml_caixa_c_12.webp"
"","Isqueiro Bic Regular Sortido c/ 50 + 3","Diversos","unit","24",0,"52","72.9","1749.600","1248","364.5","5","104.5","C:\\Users\\abner\\OneDrive\\Documents\\Discover Supply\\kyte_images_optimized\\isqueiro_bic_regular_sortido_c__50___3.webp"
"0323900003613","VIcks Vapo Rub - pacote c/15","Farmácia ","unit","628",0,"41.25","63.75","40035","25905","255","4","90","C:\\Users\\abner\\OneDrive\\Documents\\Discover Supply\\kyte_images_optimized\\vicks_vapo_rub___pacote_c_15.webp"
"","Colgate Creme Dental 2.5oz Baking Soda c/12","Higiene Pessoal","unit","21",0,"10.75","16.45","345.45","225.75","180.95","11","62.7","C:\\Users\\abner\\OneDrive\\Documents\\Discover Supply\\kyte_images_optimized\\colgate_creme_dental_2_5oz_baking_soda_c_12.webp"
"","Funil com 3 Peças ","Diversos","unit","33",0,"1.95","4.9","161.700","64.35","29.4","6","17.7",""
"27461755107401","Oleo Ricino Capilo c/ 12","Capilo","unit","41",0,"35.52","52.9","2168.9","1456.320","1,375.4","26","451.88","C:\\Users\\abner\\OneDrive\\Documents\\Discover Supply\\kyte_images_optimized\\oleo_ricino_capilo_c__12.webp"
"27461755107081","Oleo de Eucalipto Capilo 2oz c/ 12","Capilo","unit","12",0,"10.2","31.08","372.96","122.399","62.16","2","41.76","C:\\Users\\abner\\OneDrive\\Documents\\Discover Supply\\kyte_images_optimized\\oleo_de_eucalipto_capilo_2oz_c__12.webp"
"10024286154513","Oleo de Amêndoas Doce DLC 2oz","De La Cruz","unit","25",0,"21","33.8","844.999","525","33.8","1","12.8","C:\\Users\\abner\\OneDrive\\Documents\\Discover Supply\\kyte_images_optimized\\oleo_de_am_ndoas_doce_dlc_2oz.webp"
"","Oleo Rosemary (alecrim) DLC c/ 12","De La Cruz","unit","54",0,"19.44","34.9","1884.6","1049.76","558.4","16","247.36","C:\\Users\\abner\\OneDrive\\Documents\\Discover Supply\\kyte_images_optimized\\oleo_rosemary__alecrim__dlc_c__12.webp"
"","DLC Pomada Hidrocortisone - unidade","Farmácia ","unit","48",0,"2.15","3.95","189.600","103.199","142.2","36","64.8","C:\\Users\\abner\\OneDrive\\Documents\\Discover Supply\\kyte_images_optimized\\dlc_pomada_hidrocortisone___unidade.webp"
"","DLC Oleo Vitamina E - c/ 12","De La Cruz","unit","15",0,"34.32","51.49","772.35","514.8","154.47","3","51.51","C:\\Users\\abner\\OneDrive\\Documents\\Discover Supply\\kyte_images_optimized\\dlc_oleo_vitamina_e___c__12.webp"
"7410003710555","Artribion Vitaminado - caixa com 20 cartelas ","Farmácia ","unit","34",0,"22","32.95","1120.300","748","4,118.75","125","1,368.75",""
"","Viro Grip Gel Caps  AM 24/1","Farmácia ","unit","19",0,"22","30.9","587.1","418","1,668.6","54","480.6","C:\\Users\\abner\\OneDrive\\Documents\\Discover Supply\\kyte_images_optimized\\viro_grip_gel_caps__am_24_1.webp"
"7415100205386","Viro Grip Gel Caps PM 24/1","Farmácia ","unit","20",0,"22","30.9","618","440","1,575.9","51","453.9","C:\\Users\\abner\\OneDrive\\Documents\\Discover Supply\\kyte_images_optimized\\viro_grip_gel_caps_pm_24_1.webp"
"","Colgate Escova de Dente Display c/12","Higiene Pessoal","unit","21",0,"15.5","21.75","456.75","325.5","152.25","7","43.75","C:\\Users\\abner\\OneDrive\\Documents\\Discover Supply\\kyte_images_optimized\\colgate_escova_de_dente_display_c_12.webp"
"0300450449108","Tylenol Extra Strength Display c/50Pouches ","Farmácia ","unit","4",0,"14.5","21.75","87","58","304.5","14","101.5",""
"","Advil Display c/ 50/2 Pouches ","Farmácia ","unit","7",0,"13.5","19.9","139.299","94.5","258.7","13","83.2",""
"0300450481528","Motrin IB Caplets Display c/ 50/2 Pouches ","Farmácia ","unit","17",0,"12.75","19.95","339.15","216.75","139.65","7","50.4",""
"0781308001288","Chá Bailarina (Green Tea) - unidade ","Chás ","unit","0",0,"3.2","4.49","0","0",0,0,0,""
"","Pilão de Madeira Extra Grande","Acessórios ","unit","0",0,"6","8.95","0","0",0,0,0,"C:\\Users\\abner\\OneDrive\\Documents\\Discover Supply\\kyte_images_optimized\\pil_o_de_madeira_extra_grande.webp"
"null","Pilão de Madeira Pequeno","Acessórios ","unit","0",0,"3","4.95","0","0",0,0,0,"C:\\Users\\abner\\OneDrive\\Documents\\Discover Supply\\kyte_images_optimized\\pil_o_de_madeira_pequeno.webp"
"","Batedor de Carne Alumínio - Unidade","Alumínio ","unit","51",0,"3.25","4.95","252.450","165.75","29.7","6","10.2","C:\\Users\\abner\\OneDrive\\Documents\\Discover Supply\\kyte_images_optimized\\batedor_de_carne_alum_nio___unidade.webp"
"","Ralador de 6 Lados ","Acessórios ","unit","0",0,"2","3.9","0","0","93.6","24","45.6",""
"","Espremedor de Limão - c/6","Acessórios ","unit","1",0,"15","28.5","28.5","15","28.5","1","13.5","C:\\Users\\abner\\OneDrive\\Documents\\Discover Supply\\kyte_images_optimized\\espremedor_de_lim_o___c_6.webp"
"","Krazy Glue c/ 12 Unidades ","Diversos","unit","0",0,"8.16","14.49","0","0","28.98","2","12.66",""
"","Espremedor de Laranja - c/6","Acessórios ","unit","2",0,"27","40.5","81","54",0,0,0,"C:\\Users\\abner\\OneDrive\\Documents\\Discover Supply\\kyte_images_optimized\\espremedor_de_laranja___c_6.webp"
"","Duracell AA 2pk - unidade","Diversos","unit","193",0,"1.75","2.49","480.570","337.75","237.96","96","71.76","C:\\Users\\abner\\OneDrive\\Documents\\Discover Supply\\kyte_images_optimized\\duracell_aa_2pk___unidade.webp"
"","Duracell AAA 2pk - unidade","Diversos","unit","282",0,"1.6","2.49","702.180","451.200","224.1","90","80.1","C:\\Users\\abner\\OneDrive\\Documents\\Discover Supply\\kyte_images_optimized\\duracell_aaa_2pk___unidade.webp"
"7707287130002","Nail hardner Fortalecedor","Produtos de Unha ","unit","282",0,"4.78","7.25","2044.5","1347.96","1,827","252","622.44","C:\\Users\\abner\\OneDrive\\Documents\\Discover Supply\\kyte_images_optimized\\nail_hardner_fortalecedor.webp"
"","Xarope Espinheira Santa Sol Natus","Suplementos ","unit","0",0,"5.25","7.95","0","0",0,0,0,"C:\\Users\\abner\\OneDrive\\Documents\\Discover Supply\\kyte_images_optimized\\xarope_espinheira_santa_sol_natus.webp"
"","Belle Depil - Folha depilaçao c/ 100","Depilação ","unit","70",0,"3.22","4.85","339.5","225.4","116.4","24","39.12","C:\\Users\\abner\\OneDrive\\Documents\\Discover Supply\\kyte_images_optimized\\belle_depil___folha_depila_ao_c__100.webp"
"null","Cera Depi roll Quente Mel","Depilação ","unit","0",0,"6.44","9.75","0","0",0,0,0,"C:\\Users\\abner\\OneDrive\\Documents\\Discover Supply\\kyte_images_optimized\\cera_depi_roll_quente_mel.webp"
"7898101388829","Seca Barriga Hibisco + Colágeno cápsula ","Suplementos ","unit","1",0,"45.78","59.4","59.4","45.78",0,0,0,""
"","Coador de Pano Medeiros c/12","Diversos","unit","39",0,"30.59","45.35","1768.65","1193.01","1,994.95","44","575.19","C:\\Users\\abner\\OneDrive\\Documents\\Discover Supply\\kyte_images_optimized\\coador_de_pano_medeiros_c_12.webp"
"","Suporte de Coador Cromado c/6","Diversos","unit","6",0,"20.99","29.99","179.94","125.94","59.98","2","18","C:\\Users\\abner\\OneDrive\\Documents\\Discover Supply\\kyte_images_optimized\\suporte_de_coador_cromado_c_6.webp"
"","Marcia Descolorante Queratina c/12","Farmácia ","unit","78",0,"30.59","39.99","3119.220","2386.02","672.65","17","152.62","C:\\Users\\abner\\OneDrive\\Documents\\Discover Supply\\kyte_images_optimized\\marcia_descolorante_queratina_c_12.webp"
"7896221806476"," Marcia Descolorante Argan caixa c/12","Farmácia ","unit","80",0,"30.59","39.99","3199.200","2447.2","399.9","10","94",""
"","Marcia Descolorante Côco c/12","Farmácia ","unit","107",0,"30.59","39.99","4278.93","3273.13","479.88","12","112.8","C:\\Users\\abner\\OneDrive\\Documents\\Discover Supply\\kyte_images_optimized\\marcia_descolorante_c_co_c_12.webp"
"","Extrato de Própolis Verde Gotas Natus Minas c/20","Farmácia ","unit","0",0,"51.49","89.9","0","0",0,0,0,"C:\\Users\\abner\\OneDrive\\Documents\\Discover Supply\\kyte_images_optimized\\extrato_de_pr_polis_verde_gotas_natus_minas_c_20.webp"
"","Xarope Broncoalho","Suplementos ","unit","0",0,"2.45","4.9","0","0",0,0,0,"C:\\Users\\abner\\OneDrive\\Documents\\Discover Supply\\kyte_images_optimized\\xarope_broncoalho.webp"
"","Óleo de Banana Farmax 100ml","Farmax ","unit","21",0,"27.99","37.29","783.09","587.79","109.58","3","25.61","C:\\Users\\abner\\OneDrive\\Documents\\Discover Supply\\kyte_images_optimized\\_leo_de_banana_farmax_100ml.webp"
"17896679226328","IdealAmolecedor de Cutícula Argan 100ml - com 12 ","Ideal","unit","27",0,"28.79","39.95","1078.65","777.329","39.95","1","11.16",""
"","Sol Natus Chá Chapéu de Couro ","Chás ","unit","60",0,"13.85","24.95","1497","831","474.05","19","210.9",""
"","Sol Natus Chá Castanha da Índia ","Chás ","unit","25",0,"18.89","29.99","749.75","472.25","29.99","1","11.1",""
"","Crece Pelo Shampoo 12oz - unidade","Produtos de Cabelo","unit","126",0,"2.4","3.85","485.1","302.4","161.7","42","60.9","C:\\Users\\abner\\OneDrive\\Documents\\Discover Supply\\kyte_images_optimized\\crece_pelo_shampoo_12oz___unidade.webp"
"","Crece Pelo Rinse 12oz - unidade","Produtos de Cabelo","unit","29",0,"2.4","3.85","111.65","69.6","46.2","12","17.4","C:\\Users\\abner\\OneDrive\\Documents\\Discover Supply\\kyte_images_optimized\\crece_pelo_rinse_12oz___unidade.webp"
"","Crece Pelo Leave-In 12oz - unidade","Produtos de Cabelo","unit","56",0,"5.4","7.56","423.359","302.400","136.08","18","38.88","C:\\Users\\abner\\OneDrive\\Documents\\Discover Supply\\kyte_images_optimized\\crece_pelo_leave_in_12oz___unidade.webp"
"","Gel Arnica Sport Fashion - unidade","Farmax ","unit","6",0,"4.05","5.65","33.900","24.299","440.7","78","124.8","C:\\Users\\abner\\OneDrive\\Documents\\Discover Supply\\kyte_images_optimized\\gel_arnica_sport_fashion___unidade.webp"
"","Xarope Natuforme Espinheira Santa","Suplementos ","unit","0",0,"5.25","7.9","0","0",0,0,0,"C:\\Users\\abner\\OneDrive\\Documents\\Discover Supply\\kyte_images_optimized\\xarope_natuforme_espinheira_santa.webp"
"","Sol Natus Chá Erva de Santa Maria ","Chás ","unit","109",0,"15.82","24.95","2719.549","1724.38","124.75","5","51.23",""
"","Funchicorea unidade","Farmácia ","unit","102",0,"12.45","16.99","1732.979","1269.899","95.4","6","20.7","C:\\Users\\abner\\OneDrive\\Documents\\Discover Supply\\kyte_images_optimized\\funchicorea_unidade.webp"
"7898213880693","Romã e Própolis Spray c/ 16","Farmácia ","unit","0",0,"48.72","79.95","0","0","799.5","10","312.3","C:\\Users\\abner\\OneDrive\\Documents\\Discover Supply\\kyte_images_optimized\\rom__e_pr_polis_spray_c__16.webp"
"7898964247110","Volia Gel Base - unidade ","Produtos de Unha ","unit","0",0,"23.09","32.49","0","0",0,0,0,""
"","Luftal Gotas","Farmácia ","unit","0",0,"9","13.9","0","0","2,085","150","735","C:\\Users\\abner\\OneDrive\\Documents\\Discover Supply\\kyte_images_optimized\\luftal_gotas.webp"
"","Colírio Moura Brasil - unidade ","Farmácia ","unit","46",0,"6.86","12.75","586.5","315.56","2,043","156","972.84",""
"","Spray de Arnica Plus Mel","Farmácia ","unit","0",0,"3.49","5.25","0","0",0,0,0,"C:\\Users\\abner\\OneDrive\\Documents\\Discover Supply\\kyte_images_optimized\\spray_de_arnica_plus_mel.webp"
"7898964247240","Volia Gel Classic Cover - unidade","Produtos de Unha ","unit","7",0,"23.09","32.49","227.43","161.63",0,0,0,"C:\\Users\\abner\\OneDrive\\Documents\\Discover Supply\\kyte_images_optimized\\volia_gel_classic_cover___unidade.webp"
"7897626512405","Bicho da Seda Óleo Reparador - c/12","Produtos de Cabelo","unit","7",0,"44.99","59.99","419.93","314.93","1,139.81","19","285","C:\\Users\\abner\\OneDrive\\Documents\\Discover Supply\\kyte_images_optimized\\bicho_da_seda__leo_reparador___c_12.webp"
"","Preparado Sinusite","Farmácia ","unit","0",0,"30.79","46.2","0","0","46.2","1","15.41","C:\\Users\\abner\\OneDrive\\Documents\\Discover Supply\\kyte_images_optimized\\preparado_sinusite.webp"
"7898213880853","Própolis Spray Completo Tutti-Fruit c/16","Farmácia ","unit","0",0,"66.59","86.59","0","0",0,0,0,"C:\\Users\\abner\\OneDrive\\Documents\\Discover Supply\\kyte_images_optimized\\pr_polis_spray_completo_tutti_fruit_c_16.webp"
"7898213880631","Bala de Gengibre Natus Minas- Pote com 25 bags ","Farmácia ","unit","0",0,"27.99","39.99","0","0","0.1","10","-279.8",""
"7896902211254","Óleo de Uva Farmax Display c/ 12","Farmax ","unit","20",0,"19.6","29.9","598","392","29.9","1","10.3",""
"7898213880914","Xarope de Própolis e Copaíba - unidade ","Suplementos ","unit","54",0,"4.31","6.95","375.3","232.739","1,084.2","156","411.84",""
"","Novex Super Aloe Vera Gel 10oz - unidade ","Novex ","unit","36",0,"3.15","4.75","171","113.399",0,0,0,""
"","Novex Recarga de Keratina 80G caixa c/12","Novex ","unit","0",0,"22.2","33.6","0","0",0,0,0,"C:\\Users\\abner\\OneDrive\\Documents\\Discover Supply\\kyte_images_optimized\\novex_recarga_de_keratina_80g_caixa_c_12.webp"
"null","Novex My Little Curls Conditioner 10oz","Novex ","unit","0",0,"2.25","3.4","0","0",0,0,0,"C:\\Users\\abner\\OneDrive\\Documents\\Discover Supply\\kyte_images_optimized\\novex_my_little_curls_conditioner_10oz.webp"
"","Novex My Little Curls Hair Mask 1kg","Novex ","unit","0",0,"4.75","7.15","0","0",0,0,0,"C:\\Users\\abner\\OneDrive\\Documents\\Discover Supply\\kyte_images_optimized\\novex_my_little_curls_hair_mask_1kg.webp"
"null","Novex My Little Curls Leave In 10.5oz ","Novex ","unit","0",0,"2.25","3.4","0","0",0,0,0,""
"7896117976504","Xarope Guaco ","Suplementos ","unit","298",0,"5.25","7.9","2354.200","1564.5","4,313.4","546","1,446.9",""
"","Bateria Duracell D2 - unidade","Diversos","unit","2",0,"2.25","3.15","6.3","4.5","56.7","18","16.2","C:\\Users\\abner\\OneDrive\\Documents\\Discover Supply\\kyte_images_optimized\\bateria_duracell_d2___unidade.webp"
"","Bateria Duracell C2 - unidade ","Diversos","unit","0",0,"2.25","3.15","0","0",0,0,0,""
"null","Panela de Pressão 9 litros Uniware","Farmácia ","unit","0",0,"34.25","49.95","0","0",0,0,0,"C:\\Users\\abner\\OneDrive\\Documents\\Discover Supply\\kyte_images_optimized\\panela_de_press_o_9_litros_uniware.webp"
"","Panela de Pressão Imusa 4 litros","Panelas","unit","0",0,"39","45.95","0","0",0,0,0,"C:\\Users\\abner\\OneDrive\\Documents\\Discover Supply\\kyte_images_optimized\\panela_de_press_o_imusa_4_litros.webp"
"","Pó Descolorante Camomila Farmax 20g c/12","Farmax ","unit","0",0,"17.38","26.9","0","0",0,0,0,"C:\\Users\\abner\\OneDrive\\Documents\\Discover Supply\\kyte_images_optimized\\p__descolorante_camomila_farmax_20g_c_12.webp"
"","Xarope Broncosan ","Farmácia ","unit","76",0,"3.43","5.49","417.24","260.68","131.76","24","49.44",""
"","Guaraná em Pó Sol Natus c/6","Suplementos ","unit","75",0,"23.09","34.64","2598","1731.75","207.84","6","69.3","C:\\Users\\abner\\OneDrive\\Documents\\Discover Supply\\kyte_images_optimized\\guaran__em_p__sol_natus_c_6.webp"
"17891060758068","Mundial Cortador de Unha Grande Cod.121Bl","Produtos de Unha ","unit","157",0,"0.84","1.49","233.93","131.88","52.15","35","22.75","C:\\Users\\abner\\OneDrive\\Documents\\Discover Supply\\kyte_images_optimized\\mundial_cortador_de_unha_grande_cod_121bl.webp"
"17891060805151","Mundial Alicate de Unha 772","Produtos de Unha ","unit","0",0,"7.41","10.99","0","0",0,0,0,"C:\\Users\\abner\\OneDrive\\Documents\\Discover Supply\\kyte_images_optimized\\mundial_alicate_de_unha_772.webp"
"17891060805144","Mundial Alicate de Unha 722","Produtos de Unha ","unit","0",0,"6.75","9.95","0","0",0,0,0,"C:\\Users\\abner\\OneDrive\\Documents\\Discover Supply\\kyte_images_optimized\\mundial_alicate_de_unha_722.webp"
"17891060804901","Mundial Espátula de Aço Cod. 371M","Produtos de Unha ","unit","0",0,"1.4","2.45","0","0","58.8","24","25.2","C:\\Users\\abner\\OneDrive\\Documents\\Discover Supply\\kyte_images_optimized\\mundial_esp_tula_de_a_o_cod__371m.webp"
"7898213880792","Xarope Bronconatus","Farmácia ","unit","0",0,"5.36","7.99","0","0","287.64","36","94.68","C:\\Users\\abner\\OneDrive\\Documents\\Discover Supply\\kyte_images_optimized\\xarope_bronconatus.webp"
"6001087375115","Axe Desodorante Gold (Unidade)","Desodorante ","unit","0",0,"22.5","33.75","0","0",0,0,0,"C:\\Users\\abner\\OneDrive\\Documents\\Discover Supply\\kyte_images_optimized\\axe_desodorante_gold__unidade_.webp"
"","Nivea creme 100ml","Higiene Pessoal","unit","0",0,"3.5","4.95","0","0","227.7","46","66.7","C:\\Users\\abner\\OneDrive\\Documents\\Discover Supply\\kyte_images_optimized\\nivea_creme_100ml.webp"
"","Nivea creme 400ml","Higiene Pessoal","unit","0",0,"4.91","7.49","0","0",0,0,0,"C:\\Users\\abner\\OneDrive\\Documents\\Discover Supply\\kyte_images_optimized\\nivea_creme_400ml.webp"
"90154095","Gillette Desodorante Gel Stick 70ml c/12","Desodorante ","unit","11",0,"35","49.95","549.45","385","224.75","5","49.35","C:\\Users\\abner\\OneDrive\\Documents\\Discover Supply\\kyte_images_optimized\\gillette_desodorante_gel_stick_70ml_c_12.webp"
"7896902208216","Descolorante Queratina Farmax 20g com 12","Farmax ","unit","0",0,"17.38","26.9","0","0",0,0,0,"C:\\Users\\abner\\OneDrive\\Documents\\Discover Supply\\kyte_images_optimized\\descolorante_queratina_farmax_20g_com_12.webp"
"","Descolorante Sunless 20g Farmax c/12","Desodorante ","unit","0",0,"18.9","29.95","0","0",0,0,0,"C:\\Users\\abner\\OneDrive\\Documents\\Discover Supply\\kyte_images_optimized\\descolorante_sunless_20g_farmax_c_12.webp"
"","Seca Barriga Nutri Vally Farinha","Suplementos ","unit","0",0,"7.63","11.49","0","0","551.52","48","185.28","C:\\Users\\abner\\OneDrive\\Documents\\Discover Supply\\kyte_images_optimized\\seca_barriga_nutri_vally_farinha.webp"
"","Forma de Pudim #20 - unidade","Alumínio ","unit","0",0,"3.49","5.25","0","0",0,0,0,"C:\\Users\\abner\\OneDrive\\Documents\\Discover Supply\\kyte_images_optimized\\forma_de_pudim__20___unidade.webp"
"","Novex Recarga de Colágeno ","Novex ","unit","587",0,"22.2","33.6","19723.2","13031.4","100.8","3","34.2",""
"","Novex Recarga de Hidratação Super Babosa ","Novex ","unit","0",0,"22.2","33.6","0","0",0,0,0,""
"","Novex My Curls Hair Jelly 500g","Novex ","unit","138",0,"4.2","6.3","869.4","579.6","37.8","6","12.6","C:\\Users\\abner\\OneDrive\\Documents\\Discover Supply\\kyte_images_optimized\\novex_my_curls_hair_jelly_500g.webp"
"","Yamasterol Creme Babosa D-pantol 200g","Produtos de Cabelo","unit","9",0,"26.99","37.95","341.55","242.91","379.5","10","109.6","C:\\Users\\abner\\OneDrive\\Documents\\Discover Supply\\kyte_images_optimized\\yamasterol_creme_babosa_d_pantol_200g.webp"
"7896027200553","Tricofort anti caspa com 6 unidades","Farmácia ","unit","0",0,"23.99","33.59","0","0",0,0,0,"C:\\Users\\abner\\OneDrive\\Documents\\Discover Supply\\kyte_images_optimized\\tricofort_anti_caspa_com_6_unidades.webp"
"7896027200560","Tricofort anti queda com 6 unidades","Farmácia ","unit","0",0,"23.99","33.59","0","0","335.9","10","96","C:\\Users\\abner\\OneDrive\\Documents\\Discover Supply\\kyte_images_optimized\\tricofort_anti_queda_com_6_unidades.webp"
"17896902209135","Acetona Farmax 500ml c/ 12 Unidades ","Farmax ","unit","0",0,"49","68.69","0","0",0,0,0,""
"","Ralador com caixa plástica ","Acessórios ","unit","0",0,"2","3.9","0","0",0,0,0,""
"","Afiador de Facas Cabo de Madeira 12”","Acessórios ","unit","0",0,"1.25","2.25","0","0","27","12","12","C:\\Users\\abner\\OneDrive\\Documents\\Discover Supply\\kyte_images_optimized\\afiador_de_facas_cabo_de_madeira_12_.webp"
"","Abridor de Vinho (saca-rolha)","Acessórios ","unit","21",0,"2.65","3.95","82.95","55.65","71.1","18","23.4","C:\\Users\\abner\\OneDrive\\Documents\\Discover Supply\\kyte_images_optimized\\abridor_de_vinho__saca_rolha_.webp"
"","Palito de Bambú para churrasco com 100 peças ","Diversos","unit","0",0,"0.85","1.3","0","0",0,0,0,""
"","Alcolado Superior 70 12oz","Farmácia ","unit","0",0,"2.5","3.15","0","0",0,0,0,"C:\\Users\\abner\\OneDrive\\Documents\\Discover Supply\\kyte_images_optimized\\alcolado_superior_70_12oz.webp"
"0000856147805","Finafta Analgésico Líquido - unidade","Farmácia ","unit","0",0,"5.25","8.98","0","0",0,0,0,"C:\\Users\\abner\\OneDrive\\Documents\\Discover Supply\\kyte_images_optimized\\finafta_analg_sico_l_quido___unidade.webp"
"08720181114724","Axe Desodorante Gold Temptation 150ml -c/12","Desodorante ","unit","0",0,"22","33","0","0",0,0,0,"C:\\Users\\abner\\OneDrive\\Documents\\Discover Supply\\kyte_images_optimized\\axe_desodorante_gold_temptation_150ml__c_12.webp"
"6001087364614","Axe Desodorante Black 150ml c/12","Desodorante ","unit","7",0,"22.5","33.75","236.25","157.5","202.5","6","67.5","C:\\Users\\abner\\OneDrive\\Documents\\Discover Supply\\kyte_images_optimized\\axe_desodorante_black_150ml_c_12.webp"
"","Vita Seiva Babosa shampoo","Vita Seiva","unit","300",0,"4.95","5.9","1770","1485","106.2","18","17.1","C:\\Users\\abner\\OneDrive\\Documents\\Discover Supply\\kyte_images_optimized\\vita_seiva_babosa_shampoo.webp"
"","Vita Seiva Babosa condicionador","Vita Seiva","unit","258",0,"5.19","5.9","1522.2","1339.020","106.2","18","12.78","C:\\Users\\abner\\OneDrive\\Documents\\Discover Supply\\kyte_images_optimized\\vita_seiva_babosa_condicionador.webp"
"6001087364690","Axe Desodorante Wild Spice spray 150ml - c/12","Desodorante ","unit","7",0,"22.5","33.75","236.25","157.5",0,0,0,"C:\\Users\\abner\\OneDrive\\Documents\\Discover Supply\\kyte_images_optimized\\axe_desodorante_wild_spice_spray_150ml___c_12.webp"
"6001087364652","Axe Desodorante Adrenalin spray 150ml c/12","Desodorante ","unit","10",0,"22.5","33.75","337.5","225","33.75","1","11.25","C:\\Users\\abner\\OneDrive\\Documents\\Discover Supply\\kyte_images_optimized\\axe_desodorante_adrenalin_spray_150ml_c_12.webp"
"6001087364638","Axe Desodorante Excite spray 150ml - c/12","Desodorante ","unit","15",0,"22.5","33.75","506.25","337.5","33.75","1","11.25","C:\\Users\\abner\\OneDrive\\Documents\\Discover Supply\\kyte_images_optimized\\axe_desodorante_excite_spray_150ml___c_12.webp"
"27791293041074","Axe Desodorante Dark Temptation spray 150ml - c/12 ","Desodorante ","unit","26",0,"22.5","33.75","877.5","585","67.5","2","22.5",""
"","Axe Desodorante Ice Chill spray c/12 150 ml","Desodorante ","unit","6",0,"22.5","33.75","202.5","135","135","4","45","C:\\Users\\abner\\OneDrive\\Documents\\Discover Supply\\kyte_images_optimized\\axe_desodorante_ice_chill_spray_c_12_150_ml.webp"
"","Vasilina Jelly 50g c/12","Farmácia ","unit","14",0,"15","22.65","317.099","210","22.65","1","7.65","C:\\Users\\abner\\OneDrive\\Documents\\Discover Supply\\kyte_images_optimized\\vasilina_jelly_50g_c_12.webp"
"","Chapstick Sortido Repack com 28","Higiene Pessoal","unit","14",0,"34.5","49.9","698.6","483","49.9","1","15.4","C:\\Users\\abner\\OneDrive\\Documents\\Discover Supply\\kyte_images_optimized\\chapstick_sortido_repack_com_28.webp"
"","NyQuil Cold & Flu c/ 32 ","Farmácia ","unit","11",0,"33","46.9","515.9","363","416.1","9","143.1",""
"0312547493802","Visine Original Colírio ","Farmácia ","unit","60",0,"4.66","6.53","391.8","279.6",0,0,0,""
"","Viro Grip Lemon tea PM","Farmácia ","unit","10",0,"25","35.9","359","250","1,184.7","33","359.7","C:\\Users\\abner\\OneDrive\\Documents\\Discover Supply\\kyte_images_optimized\\viro_grip_lemon_tea_pm.webp"
"","Viro Grip Lemon tea AM","Farmácia ","unit","10",0,"25","35.9","359","250","1,112.9","31","337.9","C:\\Users\\abner\\OneDrive\\Documents\\Discover Supply\\kyte_images_optimized\\viro_grip_lemon_tea_am.webp"
"8022297064994","Ampola Alfaparf Óleo Essencial Azul c/ 12","Ampolas ","unit","8",0,"23","32.9","263.2","184",0,0,0,"C:\\Users\\abner\\OneDrive\\Documents\\Discover Supply\\kyte_images_optimized\\ampola_alfaparf__leo_essencial_azul_c__12.webp"
"","Dove Spray Feminino - Côco e Jasmin 150ml c/12","Desodorante ","unit","18",0,"26.52","40.9","736.199","477.36","488.55","12","170.31","C:\\Users\\abner\\OneDrive\\Documents\\Discover Supply\\kyte_images_optimized\\dove_spray_feminino___c_co_e_jasmin_150ml_c_12.webp"
"","Pomada Neo Penicilina 11g","Farmácia ","unit","0",0,"1.85","2.99","0","0","17.94","6","6.84","C:\\Users\\abner\\OneDrive\\Documents\\Discover Supply\\kyte_images_optimized\\pomada_neo_penicilina_11g.webp"
"","Pomada Marygels (Marijuana) noz - unidade","Farmácia ","unit","0",0,"4.5","6.3","0","0",0,0,0,"C:\\Users\\abner\\OneDrive\\Documents\\Discover Supply\\kyte_images_optimized\\pomada_marygels__marijuana__noz___unidade.webp"
"7401150300348","Óxido de Magnesio em pó com 24","Farmácia ","unit","0",0,"20","27.95","0","0",0,0,0,"C:\\Users\\abner\\OneDrive\\Documents\\Discover Supply\\kyte_images_optimized\\_xido_de_magnesio_em_p__com_24.webp"
"27461755106763","Capilo Óleo Macadâmia 2oz com 12","Capilo","unit","9",0,"27.6","41.4","372.599","248.4","82.8","2","27.6","C:\\Users\\abner\\OneDrive\\Documents\\Discover Supply\\kyte_images_optimized\\capilo__leo_macad_mia_2oz_com_12.webp"
"7898607020032","Xarope Plus Mel Hortelã ","Suplementos ","unit","84",0,"4.87","7.9","663.6","409.08","237","30","90.9",""
"","Hair Life Alisante Liso Natural 180g c/12","","unit","6",0,"35.99","53.98","323.88","215.94","53.98","1","17.99","C:\\Users\\abner\\OneDrive\\Documents\\Discover Supply\\kyte_images_optimized\\hair_life_alisante_liso_natural_180g_c_12.webp"
"","Vita Seiva Hyalura Mascara Hidratação e Reconstrução 450g","Vita Seiva","unit","30",0,"7.87","7.95","238.5","236.1","41.7","6","-5.52","C:\\Users\\abner\\OneDrive\\Documents\\Discover Supply\\kyte_images_optimized\\vita_seiva_hyalura_mascara_hidrata__o_e_reconstru__o_450g.webp"
"","Vita Seiva Hialura Shampoo Hidratação 300ml","Vita Seiva","unit","66",0,"5.36","5.9","389.400","353.760",0,0,0,"C:\\Users\\abner\\OneDrive\\Documents\\Discover Supply\\kyte_images_optimized\\vita_seiva_hialura_shampoo_hidrata__o_300ml.webp"
"","Vita Seiva Hyalura Condicionador Hidratação 300ml","Vita Seiva","unit","60",0,"5.83","5.95","357","349.8",0,0,0,"C:\\Users\\abner\\OneDrive\\Documents\\Discover Supply\\kyte_images_optimized\\vita_seiva_hyalura_condicionador_hidrata__o_300ml.webp"
"","Vita Seiva Cavalo Real Mascara de Crecimento 450g","Vita Seiva","unit","12",0,"7.87","7.9","94.800","94.44","41.7","6","-5.52","C:\\Users\\abner\\OneDrive\\Documents\\Discover Supply\\kyte_images_optimized\\vita_seiva_cavalo_real_mascara_de_crecimento_450g.webp"
"","Sol Natus Folha de Goiaba","Chás ","unit","52",0,"15.99","24.95","1297.399","831.48","477.65","19","149.84","C:\\Users\\abner\\OneDrive\\Documents\\Discover Supply\\kyte_images_optimized\\sol_natus_folha_de_goiaba.webp"
"","Sol Natus chá Guiné ","Chás ","unit","230",0,"15.99","24.95","5738.5","3677.700","249.5","10","109.6",""
"","Sol Natus Erva de Macaé","Chás ","unit","12",0,"15.39","26.95","323.4","184.68","107.8","4","46.24","C:\\Users\\abner\\OneDrive\\Documents\\Discover Supply\\kyte_images_optimized\\sol_natus_erva_de_maca_.webp"
"","Sol Natus Chá Cordão de Frade","Chás ","unit","45",0,"18.39","27.6","1242","827.550","114.45","4","27.99","C:\\Users\\abner\\OneDrive\\Documents\\Discover Supply\\kyte_images_optimized\\sol_natus_ch__cord_o_de_frade.webp"
"","Sol Natus Chá Casca de Catuaba","Chás ","unit","11",0,"13.99","25.95","285.45","153.890","259.5","10","119.6","C:\\Users\\abner\\OneDrive\\Documents\\Discover Supply\\kyte_images_optimized\\sol_natus_ch__casca_de_catuaba.webp"
"","Sol Natus chá Cana do Brejo","Chás ","unit","48",0,"13.85","25.95","1245.6","664.8","51.9","2","24.2","C:\\Users\\abner\\OneDrive\\Documents\\Discover Supply\\kyte_images_optimized\\sol_natus_ch__cana_do_brejo.webp"
"","Sol Natus Alecrim do Campo","Chás ","unit","114",0,"13.84","24.95","2844.299","1577.76","399.2","16","177.76",""
"7865599886533","Ora Pro-nobis 30 Cápsulas","Suplementos ","unit","114",0,"4.59","6.9","786.6","523.26","248.4","36","83.16","C:\\Users\\abner\\OneDrive\\Documents\\Discover Supply\\kyte_images_optimized\\ora_pro_nobis_30_c_psulas.webp"
"7898964247257","Volia Gel Classic Blanc 24g - unidade","Produtos de Unha ","unit","1",0,"23.09","32.49","32.49","23.09",0,0,0,"C:\\Users\\abner\\OneDrive\\Documents\\Discover Supply\\kyte_images_optimized\\volia_gel_classic_blanc_24g___unidade.webp"
"7898964247295","Volia Gel Classic Crystal - unidade","Produtos de Unha ","unit","0",0,"23.09","32.49","0","0",0,0,0,"C:\\Users\\abner\\OneDrive\\Documents\\Discover Supply\\kyte_images_optimized\\volia_gel_classic_crystal___unidade.webp"
"7898583470616","Casco de Cavalo Pro Fortalecimento Trop Care - c/12","Produtos de Unha ","unit","0",0,"39.19","59.95","0","0","359.7","6","124.56","C:\\Users\\abner\\OneDrive\\Documents\\Discover Supply\\kyte_images_optimized\\casco_de_cavalo_pro_fortalecimento_trop_care___c_12.webp"
"","Lola Morte Súbita Shampoo 250ml","Lola ","unit","0",0,"4","5.6","0","0","34.5","6","10.5","C:\\Users\\abner\\OneDrive\\Documents\\Discover Supply\\kyte_images_optimized\\lola_morte_s_bita_shampoo_250ml.webp"
"","Farmax Óleo de Banana 30 ml","Farmax ","unit","0",0,"10.49","15.74","0","0",0,0,0,"C:\\Users\\abner\\OneDrive\\Documents\\Discover Supply\\kyte_images_optimized\\farmax__leo_de_banana_30_ml.webp"
"","Água Oxigenada Farmax vol 20 com 12","Farmax ","unit","0",0,"10.49","16.9","0","0",0,0,0,"C:\\Users\\abner\\OneDrive\\Documents\\Discover Supply\\kyte_images_optimized\\_gua_oxigenada_farmax_vol_20_com_12.webp"
"","Bule de Alumínio #8","Alumínio ","unit","0",0,"6.3","9.45","0","0",0,0,0,"C:\\Users\\abner\\OneDrive\\Documents\\Discover Supply\\kyte_images_optimized\\bule_de_alum_nio__8.webp"
"","Nivea creme 250ml","Farmácia ","unit","80",0,"3.79","6.9","552","303.2","304.32","44","133.88","C:\\Users\\abner\\OneDrive\\Documents\\Discover Supply\\kyte_images_optimized\\nivea_creme_250ml.webp"
"","Faca 8” Stainless Steel - unidade","Cozinha ","unit","0",0,"3.5","5.25","0","0",0,0,0,"C:\\Users\\abner\\OneDrive\\Documents\\Discover Supply\\kyte_images_optimized\\faca_8__stainless_steel___unidade.webp"
"","Baralho Cartas - Bicycle com 12","Diversos","unit","5",0,"20.5","32","160","102.5","64","2","23","C:\\Users\\abner\\OneDrive\\Documents\\Discover Supply\\kyte_images_optimized\\baralho_cartas___bicycle_com_12.webp"
"","Forma de Alumínio Full Size com 50","Alumínio ","unit","1",0,"45.95","64.95","64.95","45.95","324.75","5","95","C:\\Users\\abner\\OneDrive\\Documents\\Discover Supply\\kyte_images_optimized\\forma_de_alum_nio_full_size_com_50.webp"
"0758283941076","Nutrine Garlic Nail Hardener","Produtos de Unha ","unit","4",0,"40.8","64.75","259","163.2",0,0,0,"C:\\Users\\abner\\OneDrive\\Documents\\Discover Supply\\kyte_images_optimized\\nutrine_garlic_nail_hardener.webp"
"17896806700073","Barla Talco Antisseptico Perfumado com 12","Higiene Pessoal","unit","0",0,"33.14","46.4","0","0","488.75","10","139.8","C:\\Users\\abner\\OneDrive\\Documents\\Discover Supply\\kyte_images_optimized\\barla_talco_antisseptico_perfumado_com_12.webp"
"7896094921351","Engov After Bebida Reidratante  Berry Vibes 250ml com 6","Suplementos ","unit","9",0,"26.99","35.9","323.099","242.91","338.3","9","95.39","C:\\Users\\abner\\OneDrive\\Documents\\Discover Supply\\kyte_images_optimized\\engov_after_bebida_reidratante__berry_vibes_250ml_com_6.webp"
"7896094919693","Engov After Bebida Reidratante Citrus 250ml com 6","Suplementos ","unit","11",0,"22.09","35.9","394.9","242.99","376.1","10","111.1","C:\\Users\\abner\\OneDrive\\Documents\\Discover Supply\\kyte_images_optimized\\engov_after_bebida_reidratante_citrus_250ml_com_6.webp"
"","Eno Sal de Frutas Guaraná com 30 sachês","Farmácia ","unit","0",0,"35","49.9","0","0","1,147.7","23","342.7","C:\\Users\\abner\\OneDrive\\Documents\\Discover Supply\\kyte_images_optimized\\eno_sal_de_frutas_guaran__com_30_sach_s.webp"
"","Escova  Para Roupas Condor 12 unidades","Diversos","unit","8",0,"10.39","15.59","124.72","83.12","31.18","2","10.4","C:\\Users\\abner\\OneDrive\\Documents\\Discover Supply\\kyte_images_optimized\\escova__para_roupas_condor_12_unidades.webp"
"","Anil Colman Cubo 5 unidades","Diversos","unit","8",0,"20.99","29.45","235.6","167.92","147.25","5","42.3","C:\\Users\\abner\\OneDrive\\Documents\\Discover Supply\\kyte_images_optimized\\anil_colman_cubo_5_unidades.webp"
"","Durepoxi Cola em Massa 12 x 100g","Diversos","unit","10",0,"39.99","55.98","559.8","399.900","167.94","3","47.97","C:\\Users\\abner\\OneDrive\\Documents\\Discover Supply\\kyte_images_optimized\\durepoxi_cola_em_massa_12_x_100g.webp"
"","Porta Coador para Café com Adaptador ","Diversos","unit","84",0,"4.34","6.49","545.16","364.56","155.76","24","51.6",""
"","Nivea creme 200ml","Higiene Pessoal","unit","28",0,"5.25","6.45","180.6","147","787.2","116","178.2","C:\\Users\\abner\\OneDrive\\Documents\\Discover Supply\\kyte_images_optimized\\nivea_creme_200ml.webp"
"","Nivea creme 50ml","Higiene Pessoal","unit","352",0,"2.3","3.75","1320","809.599","517.5","138","200.1","C:\\Users\\abner\\OneDrive\\Documents\\Discover Supply\\kyte_images_optimized\\nivea_creme_50ml.webp"
"","Silicon Mix Argan óleo Regenerador","Silicon Mix","unit","72",0,"5","7.49","539.28","360","44.94","6","14.94","C:\\Users\\abner\\OneDrive\\Documents\\Discover Supply\\kyte_images_optimized\\silicon_mix_argan__leo_regenerador.webp"
"","Cera Depi Roll depilação Tradicional - unidade","Higiene Pessoal","unit","180",0,"3.59","5.75","1035","646.199","172.5","30","64.8","C:\\Users\\abner\\OneDrive\\Documents\\Discover Supply\\kyte_images_optimized\\cera_depi_roll_depila__o_tradicional___unidade.webp"
"","Advance Hand Sanitizer Swan 8oz","Farmácia ","unit","0",0,"2.99","3.25","0","0",0,0,0,"C:\\Users\\abner\\OneDrive\\Documents\\Discover Supply\\kyte_images_optimized\\advance_hand_sanitizer_swan_8oz.webp"
"17891060996750","Mundial Alicate 778 EP","Produtos de Unha ","unit","0",0,"7.31","11.49","0","0",0,0,0,"C:\\Users\\abner\\OneDrive\\Documents\\Discover Supply\\kyte_images_optimized\\mundial_alicate_778_ep.webp"
"17891060969501","Mundial Alicate 777","Produtos de Unha ","unit","0",0,"6.26","9.4","0","0",0,0,0,"C:\\Users\\abner\\OneDrive\\Documents\\Discover Supply\\kyte_images_optimized\\mundial_alicate_777.webp"
"","Bag para Sandwich ","Acessórios ","unit","60",0,"1.75","2.65","159","105",0,0,0,""
"7898213880839","Extrato de própolis gotas sem álcool ","Farmácia ","unit","0",0,"62.99","88.2","0","0",0,0,0,""
"","Sol Natus Chá Casca de Laranja","Chás ","unit","23",0,"16.75","28.75","661.25","385.25","172.5","6","72",""
"0608106910324","Cortador de Unha Pote - c/36","Produtos de Unha ","unit","19",0,"16.5","28.8","547.2","313.5","115.2","4","47.7","C:\\Users\\abner\\OneDrive\\Documents\\Discover Supply\\kyte_images_optimized\\cortador_de_unha_pote___c_36.webp"
"","Limpador de Neve - unidade ","Diversos","unit","33",0,"2.65","4.25","140.25","87.45",0,0,0,""
"","Tábua de Cortar de Plastico36x25cm","Cozinha ","unit","53",0,"2.75","4.4","233.200","145.75","61.6","14","23.1","C:\\Users\\abner\\OneDrive\\Documents\\Discover Supply\\kyte_images_optimized\\t_bua_de_cortar_de_plastico36x25cm.webp"
"","Faqueiro - conjunto","Cozinha ","unit","23",0,"8.75","13.95","320.849","201.25","83.7","6","31.2","C:\\Users\\abner\\OneDrive\\Documents\\Discover Supply\\kyte_images_optimized\\faqueiro___conjunto.webp"
"","Saca Rolha","Cozinha ","unit","190",0,"2.85","4.9","931.000","541.5",0,0,0,"C:\\Users\\abner\\OneDrive\\Documents\\Discover Supply\\kyte_images_optimized\\saca_rolha.webp"
"","Abridor de Lata Sortido","Cozinha ","unit","50",0,"1.75","2.95","147.5","87.5","17.7","6","7.2","C:\\Users\\abner\\OneDrive\\Documents\\Discover Supply\\kyte_images_optimized\\abridor_de_lata_sortido.webp"
"","Faca 5” Stainless Steel - unidade ","Cozinha ","unit","12",0,"2.75","4.15","49.800","33",0,0,0,""
"","Faca Peixeira 8” Cabo de Madeira - unidade ","Cozinha ","unit","0",0,"1.75","3.49","0","0",0,0,0,""
"","Faca de Serra 8” Cabo de Madeira - unidade","Cozinha ","unit","49",0,"1.45","3.25","159.25","71.05",0,0,0,"C:\\Users\\abner\\OneDrive\\Documents\\Discover Supply\\kyte_images_optimized\\faca_de_serra_8__cabo_de_madeira___unidade.webp"
"","Peneira de Aço Cabo de Madeira 7” ","Cozinha ","unit","0",0,"1.35","2.2","0","0",0,0,0,""
"","Peneira de Aço Cabo de Madeira 9.75”","Cozinha ","unit","21",0,"2","3.2","67.2","42","48","15","18","C:\\Users\\abner\\OneDrive\\Documents\\Discover Supply\\kyte_images_optimized\\peneira_de_a_o_cabo_de_madeira_9_75_.webp"
"","Escorredor de Aço 11” - unidade","Cozinha ","unit","31",0,"2.75","4.4","136.4","85.25","30.8","7","11.55","C:\\Users\\abner\\OneDrive\\Documents\\Discover Supply\\kyte_images_optimized\\escorredor_de_a_o_11____unidade.webp"
"","Abridor de Garrafa Cabo de Madeira","Cozinha ","unit","13",0,"0.85","1.49","19.37","11.049","17.88","12","7.68","C:\\Users\\abner\\OneDrive\\Documents\\Discover Supply\\kyte_images_optimized\\abridor_de_garrafa_cabo_de_madeira.webp"
"","Saca Rolha Sortido","Cozinha ","unit","27",0,"1.5","2.49","67.23","40.5","59.76","24","23.76","C:\\Users\\abner\\OneDrive\\Documents\\Discover Supply\\kyte_images_optimized\\saca_rolha_sortido.webp"
"","Espátula Silicone Cabo de Aço ","Cozinha ","unit","0",0,"1","1.75","0","0",0,0,0,""
"","Tesourinha de Aço Ponta Curva","Acessórios ","unit","0",0,"1","2.9","0","0","52.2","18","34.2","C:\\Users\\abner\\OneDrive\\Documents\\Discover Supply\\kyte_images_optimized\\tesourinha_de_a_o_ponta_curva.webp"
"","Vassoura Cabo de Metal","Limpeza ","unit","41",0,"2.5","3.99","163.59","102.5",0,0,0,"C:\\Users\\abner\\OneDrive\\Documents\\Discover Supply\\kyte_images_optimized\\vassoura_cabo_de_metal.webp"
"","Garrafa Térmica 1L - unidade ","Acessórios ","unit","0",0,"6","8.99","0","0",0,0,0,""
"7896902218406","Farmax Óleo Rosa Mosqueta 100% 30 ml","Farmax ","unit","12",0,"55.23","77.35","928.199","662.76","154.7","2","44.24","C:\\Users\\abner\\OneDrive\\Documents\\Discover Supply\\kyte_images_optimized\\farmax__leo_rosa_mosqueta_100__30_ml.webp"
"null","Algodão Apólo Bola 50g c/ 20","Farmácia ","unit","0",0,"26.46","37.25","0","0",0,0,0,"C:\\Users\\abner\\OneDrive\\Documents\\Discover Supply\\kyte_images_optimized\\algod_o_ap_lo_bola_50g_c__20.webp"
"7896094905627","Sabonete Pom Pom Glicerinado c/12","Higiene Pessoal","unit","0",0,"9.44","19.99","0","0",0,0,0,"C:\\Users\\abner\\OneDrive\\Documents\\Discover Supply\\kyte_images_optimized\\sabonete_pom_pom_glicerinado_c_12.webp"
"7896229996162","Natuhair Ampola 12 em 1","Ampolas ","unit","3",0,"20.79","29.1","87.300","62.37","87.3","3","24.93","C:\\Users\\abner\\OneDrive\\Documents\\Discover Supply\\kyte_images_optimized\\natuhair_ampola_12_em_1.webp"
"7896229996261","Natuhair Ampola Abacate com 24 unid.","Ampolas ","unit","0",0,"20.79","29.1","0","0","116.4","4","33.24","C:\\Users\\abner\\OneDrive\\Documents\\Discover Supply\\kyte_images_optimized\\natuhair_ampola_abacate_com_24_unid_.webp"
"7896229996308","Natuhair Ampola Alecrim c/24","Ampolas ","unit","0",0,"20.79","29.1","0","0","29.1","1","8.31","C:\\Users\\abner\\OneDrive\\Documents\\Discover Supply\\kyte_images_optimized\\natuhair_ampola_alecrim_c_24.webp"
"7896229996292","Natuhair Ampola Alho c/24","Ampolas ","unit","1",0,"20.79","29.1","29.1","20.79","29.1","1","8.31","C:\\Users\\abner\\OneDrive\\Documents\\Discover Supply\\kyte_images_optimized\\natuhair_ampola_alho_c_24.webp"
"7896229996186","Natuhair Ampola Anticaspa c/24","Ampolas ","unit","0",0,"20.79","29.1","0","0","116.4","4","33.24","C:\\Users\\abner\\OneDrive\\Documents\\Discover Supply\\kyte_images_optimized\\natuhair_ampola_anticaspa_c_24.webp"
"","Natuhair Ampola Antiqueda c/24","Ampolas ","unit","0",0,"21.59","29.9","0","0","59.8","2","16.62","C:\\Users\\abner\\OneDrive\\Documents\\Discover Supply\\kyte_images_optimized\\natuhair_ampola_antiqueda_c_24.webp"
"7896229996247","Natuhair Ampola Babosa c/24","Ampolas ","unit","0",0,"21.59","29.9","0","0","59.8","2","16.62","C:\\Users\\abner\\OneDrive\\Documents\\Discover Supply\\kyte_images_optimized\\natuhair_ampola_babosa_c_24.webp"
"7896229996322","Natuhair Ampola Biotina c/24","Ampolas ","unit","0",0,"20.79","29.1","0","0","145.5","5","41.55","C:\\Users\\abner\\OneDrive\\Documents\\Discover Supply\\kyte_images_optimized\\natuhair_ampola_biotina_c_24.webp"
"7896229996087","Natuhair Ampola Bomba de Vitaminas c/24","Ampolas ","unit","0",0,"20.79","29.1","0","0",0,0,0,"C:\\Users\\abner\\OneDrive\\Documents\\Discover Supply\\kyte_images_optimized\\natuhair_ampola_bomba_de_vitaminas_c_24.webp"
"7896229996117","Natuhair Ampola Crecimento Fortalecido ","Ampolas ","unit","0",0,"20.79","29.1","0","0","87.3","3","24.93",""
"7896229996179","Natuhair Ampola Óleo de Argan","Ampolas ","unit","0",0,"16.99","22.49","0","0",0,0,0,"C:\\Users\\abner\\OneDrive\\Documents\\Discover Supply\\kyte_images_optimized\\natuhair_ampola__leo_de_argan.webp"
"7896229996155","Natuhair Ampola Queratina c/24","Ampolas ","unit","4",0,"20.79","29.1","116.4","83.16",0,0,0,"C:\\Users\\abner\\OneDrive\\Documents\\Discover Supply\\kyte_images_optimized\\natuhair_ampola_queratina_c_24.webp"
"7896229996315","Natuhair Ampola Óleo Rosa Mosqueta c/24","Ampolas ","unit","0",0,"20.79","29.1","0","0","58.2","2","16.62","C:\\Users\\abner\\OneDrive\\Documents\\Discover Supply\\kyte_images_optimized\\natuhair_ampola__leo_rosa_mosqueta_c_24.webp"
"7896229996056","Natuhair Ampola SOS Reparação Total c/24","Ampolas ","unit","0",0,"20.79","29.1","0","0",0,0,0,"C:\\Users\\abner\\OneDrive\\Documents\\Discover Supply\\kyte_images_optimized\\natuhair_ampola_sos_repara__o_total_c_24.webp"
"7896229996223","Natuhair Ampola Super Brilho c/24","Ampolas ","unit","0",0,"16.09","22.49","0","0",0,0,0,"C:\\Users\\abner\\OneDrive\\Documents\\Discover Supply\\kyte_images_optimized\\natuhair_ampola_super_brilho_c_24.webp"
"7896229996148","Natuhair Ampola Vitamina A c/24","Ampolas ","unit","7",0,"16.09","22.49","157.429","112.63","67.47","3","19.2","C:\\Users\\abner\\OneDrive\\Documents\\Discover Supply\\kyte_images_optimized\\natuhair_ampola_vitamina_a_c_24.webp"
"","Natuhair Ampola D-Pantol","Ampolas ","unit","0",0,"20.79","29.1","0","0","58.2","2","16.62","C:\\Users\\abner\\OneDrive\\Documents\\Discover Supply\\kyte_images_optimized\\natuhair_ampola_d_pantol.webp"
"","Novex My Curls Movie Star Máscara 1kg","Novex ","unit","6",0,"4.75","7.15","42.900","28.5","85.8","12","28.8","C:\\Users\\abner\\OneDrive\\Documents\\Discover Supply\\kyte_images_optimized\\novex_my_curls_movie_star_m_scara_1kg.webp"
"","Novex My Curls Movie Star Ativador Leave-in 500ml","Novex ","unit","96",0,"4.75","7.15","686.400","456","128.7","18","43.2","C:\\Users\\abner\\OneDrive\\Documents\\Discover Supply\\kyte_images_optimized\\novex_my_curls_movie_star_ativador_leave_in_500ml.webp"
"","Engov c/25","Higiene Pessoal","unit","89",0,"75","112","9968","6675","4,865.95","44","1,565.95","C:\\Users\\abner\\OneDrive\\Documents\\Discover Supply\\kyte_images_optimized\\engov_c_25.webp"
"","Dove Desodorante Stick Feminino Powder 2.6oz c/12","Desodorante ","unit","6",0,"26.16","39.9","239.399","156.96",0,0,0,"C:\\Users\\abner\\OneDrive\\Documents\\Discover Supply\\kyte_images_optimized\\dove_desodorante_stick_feminino_powder_2_6oz_c_12.webp"
"","Fio Dental - Menta c/12","Higiene Pessoal","unit","20",0,"13.95","19.95","399","279","139.65","7","42","C:\\Users\\abner\\OneDrive\\Documents\\Discover Supply\\kyte_images_optimized\\fio_dental___menta_c_12.webp"
"","Wilkinson Lâmina c/ 20/5","Higiene Pessoal","unit","39",0,"16.4","24.6","959.400","639.599","73.8","3","24.6","C:\\Users\\abner\\OneDrive\\Documents\\Discover Supply\\kyte_images_optimized\\wilkinson_l_mina_c__20_5.webp"
"","Thera Flu Daytime  Lemon c/ 20","Farmácia ","unit","0",0,"24.95","37.45","0","0",0,0,0,"C:\\Users\\abner\\OneDrive\\Documents\\Discover Supply\\kyte_images_optimized\\thera_flu_daytime__lemon_c__20.webp"
"","Pente Preto - Pote c/ 72 ","Higiene Pessoal","unit","18",0,"5.8","8.9","160.200","104.399","8.9","1","3.5",""
"","Clear Eyes Colírio - unidade ","Farmácia ","unit","12",0,"3.54","4.95","59.400","42.480","118.8","24","33.84",""
"","Vaporal Inalador em Tubo c/ 12 ","Farmácia ","unit","17",0,"7.5","12.75","216.75","127.5","38.25","3","15.75",""
"","Advil PM c/ 50/2","Farmácia ","unit","6",0,"14.5","21.9","131.399","87","87.6","4","29.6","C:\\Users\\abner\\OneDrive\\Documents\\Discover Supply\\kyte_images_optimized\\advil_pm_c__50_2.webp"
"","Colgate Creme Dental Regular 4oz c/ 12","Higiene Pessoal","unit","20",0,"18","25.9","518","360","284.9","11","86.9","C:\\Users\\abner\\OneDrive\\Documents\\Discover Supply\\kyte_images_optimized\\colgate_creme_dental_regular_4oz_c__12.webp"
"","Neosoro","Farmácia ","unit","593",0,"3.5","6.15","3646.950","2075.5","5,306.4","864","2,282.4","C:\\Users\\abner\\OneDrive\\Documents\\Discover Supply\\kyte_images_optimized\\neosoro.webp"
"","Lenier Vita Plus Revitalizador Ampola - c/12","Ampolas ","unit","12",0,"17","25.75","309","204","412","16","140","C:\\Users\\abner\\OneDrive\\Documents\\Discover Supply\\kyte_images_optimized\\lenier_vita_plus_revitalizador_ampola___c_12.webp"
"","Lenier Nutri Plus Revitalizador Ampola - c/12","Ampolas ","unit","16",0,"17","25.75","412","272","334.75","13","113.75","C:\\Users\\abner\\OneDrive\\Documents\\Discover Supply\\kyte_images_optimized\\lenier_nutri_plus_revitalizador_ampola___c_12.webp"
"","Mundial Alicate 735-PR","Produtos de Unha ","unit","0",0,"6.75","9.99","0","0","59.94","6","19.44","C:\\Users\\abner\\OneDrive\\Documents\\Discover Supply\\kyte_images_optimized\\mundial_alicate_735_pr.webp"
"","Mundial Alicate 775 ","Produtos de Unha ","unit","0",0,"6.26","9.4","0","0",0,0,0,""
"null","Xarope Broncolito Infantil ","Suplementos ","unit","0",0,"6","8.95","0","0",0,0,0,""
"","Oral-B Escova de Dentes c/12","Farmácia ","unit","0",0,"4.5","6.49","0","0",0,0,0,"C:\\Users\\abner\\OneDrive\\Documents\\Discover Supply\\kyte_images_optimized\\oral_b_escova_de_dentes_c_12.webp"
"","Bubbaloo Morango c/47","Balas","unit","38",0,"3.8","5.8","220.4","144.4","11.6","2","4","C:\\Users\\abner\\OneDrive\\Documents\\Discover Supply\\kyte_images_optimized\\bubbaloo_morango_c_47.webp"
"","Bubbaloo Tuti Fruti c/47","Balas","unit","0",0,"3.8","5.8","0","0","17.4","3","5.85","C:\\Users\\abner\\OneDrive\\Documents\\Discover Supply\\kyte_images_optimized\\bubbaloo_tuti_fruti_c_47.webp"
"","Trident Hortelã c/12 de 14 Unidades","Balas","unit","0",0,"10.85","15.39","0","0",0,0,0,"C:\\Users\\abner\\OneDrive\\Documents\\Discover Supply\\kyte_images_optimized\\trident_hortel__c_12_de_14_unidades.webp"
"","Trident Bubblegum c/12 de 14 Unidades","Balas","unit","5",0,"11","15.45","77.25","55","15.45","1","4.45","C:\\Users\\abner\\OneDrive\\Documents\\Discover Supply\\kyte_images_optimized\\trident_bubblegum_c_12_de_14_unidades.webp"
"","Alka Seltzer 50-2","","unit","16",0,"13.5","22.6","361.6","216","45.2","2","17.95","C:\\Users\\abner\\OneDrive\\Documents\\Discover Supply\\kyte_images_optimized\\alka_seltzer_50_2.webp"
"","Windex Glass Cleaner 500ml (16.8oz) c/12","Limpeza ","unit","0",0,"24","33.6","0","0","30.8","1","6.8","C:\\Users\\abner\\OneDrive\\Documents\\Discover Supply\\kyte_images_optimized\\windex_glass_cleaner_500ml__16_8oz__c_12.webp"
"","Axe Shower Gel Black 250ml - c/12","Higiene Pessoal","unit","66",0,"22.95","32.95","2174.700","1514.7","32.95","1","10","C:\\Users\\abner\\OneDrive\\Documents\\Discover Supply\\kyte_images_optimized\\axe_shower_gel_black_250ml___c_12.webp"
"null","Ajax Ultra Citrus Líquido 12.4oz c/20","Limpeza ","unit","0",0,"29.75","39.95","0","0",0,0,0,"C:\\Users\\abner\\OneDrive\\Documents\\Discover Supply\\kyte_images_optimized\\ajax_ultra_citrus_l_quido_12_4oz_c_20.webp"
"null","Ajax Ultra Lemon Líquido 12.4oz c/20","Limpeza ","unit","0",0,"29.75","39.95","0","0",0,0,0,"C:\\Users\\abner\\OneDrive\\Documents\\Discover Supply\\kyte_images_optimized\\ajax_ultra_lemon_l_quido_12_4oz_c_20.webp"
"","Dove Desodorante Stick Feminino Fresh 1.6oz c/12","Higiene Pessoal","unit","0",0,"26.16","39.9","0","0",0,0,0,"C:\\Users\\abner\\OneDrive\\Documents\\Discover Supply\\kyte_images_optimized\\dove_desodorante_stick_feminino_fresh_1_6oz_c_12.webp"
"","Dove Desodorante Stick Feminino Powder 16oz - c/12","Higiene Pessoal","unit","5",0,"26.16","39.9","199.5","130.8","86.5","2","29","C:\\Users\\abner\\OneDrive\\Documents\\Discover Supply\\kyte_images_optimized\\dove_desodorante_stick_feminino_powder_16oz___c_12.webp"
"","Axe Shower Gel Dark Temptation 250ml - c/12","Higiene Pessoal","unit","102",0,"22.95","32.95","3360.9","2340.9","65.9","2","20","C:\\Users\\abner\\OneDrive\\Documents\\Discover Supply\\kyte_images_optimized\\axe_shower_gel_dark_temptation_250ml___c_12.webp"
"","Axe Shower Gel Africa 250ml - c/12","Higiene Pessoal","unit","0",0,"22.95","32.95","0","0",0,0,0,"C:\\Users\\abner\\OneDrive\\Documents\\Discover Supply\\kyte_images_optimized\\axe_shower_gel_africa_250ml___c_12.webp"
"null","Pilão de Madeira C/ Borda","Cozinha ","unit","0",0,"3","4.95","0","0",0,0,0,"C:\\Users\\abner\\OneDrive\\Documents\\Discover Supply\\kyte_images_optimized\\pil_o_de_madeira_c__borda.webp"
"","Tábua de Cortar Madeira 15x11","Cozinha ","unit","0",0,"4.25","6.39","0","0","19.17","3","6.42","C:\\Users\\abner\\OneDrive\\Documents\\Discover Supply\\kyte_images_optimized\\t_bua_de_cortar_madeira_15x11.webp"
"","Stainless Steel Bowl Set 4","Cozinha ","unit","0",0,"3.75","5.65","0","0",0,0,0,"C:\\Users\\abner\\OneDrive\\Documents\\Discover Supply\\kyte_images_optimized\\stainless_steel_bowl_set_4.webp"
"","Escorredor Set c/3","Cozinha ","unit","0",0,"3.75","5.65","0","0",0,0,0,"C:\\Users\\abner\\OneDrive\\Documents\\Discover Supply\\kyte_images_optimized\\escorredor_set_c_3.webp"
"","Frigideira Non-Stick 9.5’","Cozinha ","unit","5",0,"4.5","6.75","33.75","22.5","20.25","3","6.75","C:\\Users\\abner\\OneDrive\\Documents\\Discover Supply\\kyte_images_optimized\\frigideira_non_stick_9_5_.webp"
"","Panela 1.5QT Non-Stick","Cozinha ","unit","35",0,"5.5","8.25","288.75","192.5",0,0,0,"C:\\Users\\abner\\OneDrive\\Documents\\Discover Supply\\kyte_images_optimized\\panela_1_5qt_non_stick.webp"
"","Forma de Bolo Non-Stick 9.8” - unidade ","","unit","0",0,"2.75","4.15","0","0",0,0,0,""
"","Cafeteira Expresso Maker Alumínio  6 copos - unidade ","Cozinha ","unit","8",0,"5","8.95","71.6","40","8.95","1","3.95",""
"","Forma de Bolo Quadrada 10x10 - unidade","Cozinha ","unit","3",0,"3.75","5.65","16.950","11.25",0,0,0,"C:\\Users\\abner\\OneDrive\\Documents\\Discover Supply\\kyte_images_optimized\\forma_de_bolo_quadrada_10x10___unidade.webp"
"","Forma de Bolo Redonda Non-Stick ‘10x4’ - unidade","Cozinha ","unit","0",0,"4.25","6.39","0","0",0,0,0,"C:\\Users\\abner\\OneDrive\\Documents\\Discover Supply\\kyte_images_optimized\\forma_de_bolo_redonda_non_stick__10x4____unidade.webp"
"","Bucha de Aço c/6","Limpeza ","unit","2",0,"1.15","1.95","3.9","2.3","117","60","48","C:\\Users\\abner\\OneDrive\\Documents\\Discover Supply\\kyte_images_optimized\\bucha_de_a_o_c_6.webp"
"","Escova de Roupa Plástico - unidade","Limpeza ","unit","0",0,"1","1.5","0","0",0,0,0,"C:\\Users\\abner\\OneDrive\\Documents\\Discover Supply\\kyte_images_optimized\\escova_de_roupa_pl_stico___unidade.webp"
"","Escorredor Plástico Grande 39cm - unidade","Cozinha ","unit","24",0,"1.85","2.8","67.199","44.400","25.2","9","8.55","C:\\Users\\abner\\OneDrive\\Documents\\Discover Supply\\kyte_images_optimized\\escorredor_pl_stico_grande_39cm___unidade.webp"
"","Barracha Panela de Pressão 11lt Uniware","Acessórios ","unit","0",0,"3","4.5","0","0",0,0,0,"C:\\Users\\abner\\OneDrive\\Documents\\Discover Supply\\kyte_images_optimized\\barracha_panela_de_press_o_11lt_uniware.webp"
"null","Borracha Panela de Pressão Uniware 7lt","Acessórios ","unit","0",0,"2.5","4.5","0","0",0,0,0,"C:\\Users\\abner\\OneDrive\\Documents\\Discover Supply\\kyte_images_optimized\\borracha_panela_de_press_o_uniware_7lt.webp"
"","Yamasterol  Creme Tratamento Oleo de Argan 200g c/ 12","Produtos de Cabelo","unit","0",0,"1.75","29.99","0","0",0,0,0,"C:\\Users\\abner\\OneDrive\\Documents\\Discover Supply\\kyte_images_optimized\\yamasterol__creme_tratamento_oleo_de_argan_200g_c__12.webp"
"","Forma Pudim Alumínio #18 Arco Íris - unidade","Alumínio ","unit","0",0,"4.89","6.85","0","0",0,0,0,"C:\\Users\\abner\\OneDrive\\Documents\\Discover Supply\\kyte_images_optimized\\forma_pudim_alum_nio__18_arco__ris___unidade.webp"
"","Forma Pudim Alumínio #20 Arco Íris - unidade","Alumínio ","unit","0",0,"5.07","6.99","0","0",0,0,0,"C:\\Users\\abner\\OneDrive\\Documents\\Discover Supply\\kyte_images_optimized\\forma_pudim_alum_nio__20_arco__ris___unidade.webp"
"","Forma Bolo Alumínio #24 Arco Íris - unidade","","unit","0",0,"5.83","7.99","0","0",0,0,0,"C:\\Users\\abner\\OneDrive\\Documents\\Discover Supply\\kyte_images_optimized\\forma_bolo_alum_nio__24_arco__ris___unidade.webp"
"","Forma Bolo Alumínio #22 Arco Íris - unidade","Alumínio ","unit","0",0,"5.83","7.58","0","0",0,0,0,"C:\\Users\\abner\\OneDrive\\Documents\\Discover Supply\\kyte_images_optimized\\forma_bolo_alum_nio__22_arco__ris___unidade.webp"
"","Espeto para Churrrasco Cabo Madeira 75cm c/12","Diversos","unit","21",0,"45.59","63.82","1340.22","957.390","63.82","1","18.23","C:\\Users\\abner\\OneDrive\\Documents\\Discover Supply\\kyte_images_optimized\\espeto_para_churrrasco_cabo_madeira_75cm_c_12.webp"
"","Espeto Duas Pontas Cabo de Madeira 75cm c/12","","unit","13",0,"39.9","59.9","778.699","518.699","59.9","1","20","C:\\Users\\abner\\OneDrive\\Documents\\Discover Supply\\kyte_images_optimized\\espeto_duas_pontas_cabo_de_madeira_75cm_c_12.webp"
"","Arco Iris Assadeira de Bolo #4 Retangular - unidade","Alumínio ","unit","18",0,"14.4","19.95","359.099","259.2","239.4","12","66.6","C:\\Users\\abner\\OneDrive\\Documents\\Discover Supply\\kyte_images_optimized\\arco_iris_assadeira_de_bolo__4_retangular___unidade.webp"
"","Arco Iris Assadeira de Bolo #3 Retangular - unidade","Alumínio ","unit","28",0,"13.49","18.25","511","377.72","273.75","15","71.4","C:\\Users\\abner\\OneDrive\\Documents\\Discover Supply\\kyte_images_optimized\\arco_iris_assadeira_de_bolo__3_retangular___unidade.webp"
"","Arco Iris Cuscuzeira Alumínio #16 - unidade","Alumínio ","unit","11",0,"10.26","18.95","208.45","112.86","341.1","18","156.42","C:\\Users\\abner\\OneDrive\\Documents\\Discover Supply\\kyte_images_optimized\\arco_iris_cuscuzeira_alum_nio__16___unidade.webp"
"null","Lola Argan Oil Máscara 230g","Lola ","unit","0",0,"4.4","6.2","0","0",0,0,0,"C:\\Users\\abner\\OneDrive\\Documents\\Discover Supply\\kyte_images_optimized\\lola_argan_oil_m_scara_230g.webp"
"","Lola Argan Oil 50ml ","Lola ","unit","43",0,"47.4","71.4","3070.200","2038.2","1,212.35","17","406.55",""
"","Lola Argan Oil Shampoo 250ml ","Lola ","unit","0",0,"5","6.99","0","0","41.94","6","11.94",""
"","Lola Dream Cream Shampoo 250ml ","Lola ","unit","1",0,"4.4","6.2","6.2","4.4",0,0,0,""
"","Lola Dream Cream 450g","Lola ","unit","0",0,"6.8","9.55","0","0",0,0,0,"C:\\Users\\abner\\OneDrive\\Documents\\Discover Supply\\kyte_images_optimized\\lola_dream_cream_450g.webp"
"null","Lola Rapunzel Milk Spray 250ml","Lola ","unit","0",0,"6","8.45","0","0",0,0,0,"C:\\Users\\abner\\OneDrive\\Documents\\Discover Supply\\kyte_images_optimized\\lola_rapunzel_milk_spray_250ml.webp"
"","Alcool  Verde 70% 16oz c/ 12","Farmácia ","unit","0",0,"22","33","0","0","33","1","11",""
"","Finely óleo Rícino 60ml - c/12","Óleo ","unit","17",0,"13.68","27","459","232.56",0,0,0,"C:\\Users\\abner\\OneDrive\\Documents\\Discover Supply\\kyte_images_optimized\\finely__leo_r_cino_60ml___c_12.webp"
"","Palha ","Diversos","unit","18",0,"40","60","1080","720","360","6","120",""
"","Capilo Óleo de Arnica 2oz c/12","Capilo","unit","7",0,"9.6","17.85","124.950","67.2","35.7","2","16.5","C:\\Users\\abner\\OneDrive\\Documents\\Discover Supply\\kyte_images_optimized\\capilo__leo_de_arnica_2oz_c_12.webp"
"","Baralho Aviator - c/12","Diversos","unit","0",0,"16.75","25.12","0","0","25.12","1","8.37","C:\\Users\\abner\\OneDrive\\Documents\\Discover Supply\\kyte_images_optimized\\baralho_aviator___c_12.webp"
"","Nivea Creme 150ml","Higiene Pessoal","unit","0",0,"2.66","5.9","0","0",0,0,0,"C:\\Users\\abner\\OneDrive\\Documents\\Discover Supply\\kyte_images_optimized\\nivea_creme_150ml.webp"
"","Benadryl Pouch Anti-Alergico 60x2’s","Farmácia ","unit","0",0,"20","29.95","0","0",0,0,0,"C:\\Users\\abner\\OneDrive\\Documents\\Discover Supply\\kyte_images_optimized\\benadryl_pouch_anti_alergico_60x2_s.webp"
"","Tylenol PM Cap  50x2’s","Farmácia ","unit","8",0,"16.5","24.75","198","132","148.5","6","49.5","C:\\Users\\abner\\OneDrive\\Documents\\Discover Supply\\kyte_images_optimized\\tylenol_pm_cap__50x2_s.webp"
"","Tic Tac Wintergreen c/12","Balas","unit","0",0,0,0,"0","0",0,0,0,"C:\\Users\\abner\\OneDrive\\Documents\\Discover Supply\\kyte_images_optimized\\tic_tac_wintergreen_c_12.webp"
"","Tic Tac Freshmint c/12","Balas","unit","0",0,0,0,"0","0",0,0,0,"C:\\Users\\abner\\OneDrive\\Documents\\Discover Supply\\kyte_images_optimized\\tic_tac_freshmint_c_12.webp"
"null","Mentos Frutas Roll - c/15","Balas","unit","0",0,"14.25","22.95","0","0",0,0,0,"C:\\Users\\abner\\OneDrive\\Documents\\Discover Supply\\kyte_images_optimized\\mentos_frutas_roll___c_15.webp"
"","Mentos Mint Roll - c/15","Balas","unit","0",0,"15","22.95","0","0",0,0,0,"C:\\Users\\abner\\OneDrive\\Documents\\Discover Supply\\kyte_images_optimized\\mentos_mint_roll___c_15.webp"
"","Wrigley 5 Gum Cobalt - c/15","","unit","7",0,"19.8","19.8","138.6","138.6",0,0,0,"C:\\Users\\abner\\OneDrive\\Documents\\Discover Supply\\kyte_images_optimized\\wrigley_5_gum_cobalt___c_15.webp"
"","Álcool Clear 16oz 70% Swan ","Farmácia ","unit","7",0,"20.5","29.9","209.299","143.5","349.62","19","111.16",""
"","Tams Fruit Sortido 8’s - 3pk Extra Strong","Farmácia ","unit","9",0,"22","29.95","269.55","198","29.95","1","7.95","C:\\Users\\abner\\OneDrive\\Documents\\Discover Supply\\kyte_images_optimized\\tams_fruit_sortido_8_s___3pk_extra_strong.webp"
"","Trident White Dual Peppermint ","Balas","unit","0",0,"10.95","15.39","0","0",0,0,0,""
"","Vasilina 100g (3.75oz) c/12","Farmácia ","unit","16",0,"14.28","26.95","431.2","228.48","95.9","4","38.78","C:\\Users\\abner\\OneDrive\\Documents\\Discover Supply\\kyte_images_optimized\\vasilina_100g__3_75oz__c_12.webp"
"","Dove Spray Men Cool Fresh 150ml c/12","Higiene Pessoal","unit","7",0,"27","40.5","283.5","189","445.5","11","148.5","C:\\Users\\abner\\OneDrive\\Documents\\Discover Supply\\kyte_images_optimized\\dove_spray_men_cool_fresh_150ml_c_12.webp"
"","Dove Spray Original 250ml c/12","Desodorante ","unit","0",0,"34.44","48.9","0","0","732.5","15","215.9","C:\\Users\\abner\\OneDrive\\Documents\\Discover Supply\\kyte_images_optimized\\dove_spray_original_250ml_c_12.webp"
"null","Dove Spray Invisible Care Floral 250ml c/ 12","Higiene Pessoal","unit","0",0,"31","44.45","0","0",0,0,0,"C:\\Users\\abner\\OneDrive\\Documents\\Discover Supply\\kyte_images_optimized\\dove_spray_invisible_care_floral_250ml_c__12.webp"
"","Dove Wide Solid Powder Stick 1.6oz c/12","Desodorante ","unit","0",0,"26.16","39.9","0","0",0,0,0,"C:\\Users\\abner\\OneDrive\\Documents\\Discover Supply\\kyte_images_optimized\\dove_wide_solid_powder_stick_1_6oz_c_12.webp"
"","Dove Wide Solid Original Stick 2.6oz c/12","Farmácia ","unit","0",0,"26.16","39.9","0","0",0,0,0,"C:\\Users\\abner\\OneDrive\\Documents\\Discover Supply\\kyte_images_optimized\\dove_wide_solid_original_stick_2_6oz_c_12.webp"
"","Almeida Prado 46 c/60 comprimidos","Farmácia ","unit","0",0,"9","13.95","0","0",0,0,0,"C:\\Users\\abner\\OneDrive\\Documents\\Discover Supply\\kyte_images_optimized\\almeida_prado_46_c_60_comprimidos.webp"
"","Giovanna Baby Kit Colônia, Hidratante e Sabonete Barra - unidade ","Perfumaria ","unit","3",0,"12.18","18.39","55.17","36.54","36.78","2","12.42",""
"","Giovanna Baby Kit Necessaire Blue (Colonia, Hidratante & Sabonete Barra) unidade ","Perfumaria ","unit","3",0,"12.18","18.27","54.81","36.54","36.54","2","12.18",""
"","Giovanna Baby Flores Kit (Body Splash & Sabonete Barra) unidade ","Perfumaria ","unit","0",0,"10.22","15.33","0","0",0,0,0,""
"","Giovanna Baby Classic Desodorante Roll-on 50ml - unidade ","Desodorante ","unit","0",0,"2.85","3.98","0","0","543.72","138","150.42",""
"","Giovanna Baby Blue Desodorante Roll-on 50ml - unidade","Desodorante ","unit","0",0,"2.85","3.98","0","0","597","150","169.5","C:\\Users\\abner\\OneDrive\\Documents\\Discover Supply\\kyte_images_optimized\\giovanna_baby_blue_desodorante_roll_on_50ml___unidade.webp"
"","Giovanna Baby Lilac Desodorante Roll-on 50ml - unidade ","Desodorante ","unit","78",0,"2.85","3.98","310.44","222.3","238.8","60","67.8",""
"","Ideal Amolecedor de Cutículas Emuliente com Lavanda 100ml c/12","Ideal","unit","35",0,"29.79","39.95","1398.25","1042.649","79.9","2","20.32","C:\\Users\\abner\\OneDrive\\Documents\\Discover Supply\\kyte_images_optimized\\ideal_amolecedor_de_cut_culas_emuliente_com_lavanda_100ml_c_12.webp"
"","Ideal Amolecedor de Cutícula Olé de Algodão 100ml - com 12 ","Ideal","unit","18",0,"28.79","39.95","719.1","518.22","79.9","2","22.32",""
"","Anil Colman Líquido com 3/200ml","Limpeza ","unit","1",0,"15.39","21.75","21.75","15.39","43.5","2","12.72","C:\\Users\\abner\\OneDrive\\Documents\\Discover Supply\\kyte_images_optimized\\anil_colman_l_quido_com_3_200ml.webp"
"","Arco Iris Assadeira #2 - unidade","Cozinha ","unit","16",0,"5.71","8.99","143.84","91.36","80.91","9","29.52","C:\\Users\\abner\\OneDrive\\Documents\\Discover Supply\\kyte_images_optimized\\arco_iris_assadeira__2___unidade.webp"
"","Arco Iris Canecão Alumínio Cabo de Madeira -unidade","Alumínio ","unit","0",0,"5.01","7.29","0","0","72.9","10","22.8","C:\\Users\\abner\\OneDrive\\Documents\\Discover Supply\\kyte_images_optimized\\arco_iris_canec_o_alum_nio_cabo_de_madeira__unidade.webp"
"","Sabonete  Barra Granado de Enxofre 90g","Higiene Pessoal","unit","14",0,"35.69","44.9","628.6","499.659","284.4","6","70.26",""
"","Arco Iris Cuscuzeira de Alumínio #14 - unidade","","unit","29",0,"7.69","16.99","492.71","223.010","169.9","10","93","C:\\Users\\abner\\OneDrive\\Documents\\Discover Supply\\kyte_images_optimized\\arco_iris_cuscuzeira_de_alum_nio__14___unidade.webp"
"","Lola Shampoo Creoula 250g","Lola ","unit","43",0,"4.8","6.75","290.25","206.4",0,0,0,"C:\\Users\\abner\\OneDrive\\Documents\\Discover Supply\\kyte_images_optimized\\lola_shampoo_creoula_250g.webp"
"","Lola Creoula Creme Desembaraçante 500g","Lola ","unit","24",0,"7.6","10.65","255.600","182.399",0,0,0,"C:\\Users\\abner\\OneDrive\\Documents\\Discover Supply\\kyte_images_optimized\\lola_creoula_creme_desembara_ante_500g.webp"
"null","Lola Creoula Creme de Pentear 500g","Lola ","unit","0",0,"7.6","10.65","0","0",0,0,0,"C:\\Users\\abner\\OneDrive\\Documents\\Discover Supply\\kyte_images_optimized\\lola_creoula_creme_de_pentear_500g.webp"
"","Lola Ondulados Creme Texturizador 500g","Lola ","unit","0",0,"6.8","9.55","0","0",0,0,0,"C:\\Users\\abner\\OneDrive\\Documents\\Discover Supply\\kyte_images_optimized\\lola_ondulados_creme_texturizador_500g.webp"
"","Lola Ondulados Condicionador 500g","Lola ","unit","60",0,"6.4","8.97","538.2","384",0,0,0,"C:\\Users\\abner\\OneDrive\\Documents\\Discover Supply\\kyte_images_optimized\\lola_ondulados_condicionador_500g.webp"
"","Nutry Valle Cha Mix 37 Ervas 200g","Chás ","unit","5",0,"2.79","5.95","29.75","13.95","35.7","6","18.96","C:\\Users\\abner\\OneDrive\\Documents\\Discover Supply\\kyte_images_optimized\\nutry_valle_cha_mix_37_ervas_200g.webp"
"","Permanganato de Potásio","Farmácia ","unit","0",0,"15","22.9","0","0",0,0,0,""
"","Elixir de Inhame 355ml - unidade","Suplementos ","unit","162",0,"7.8","10.95","1773.899","1263.6","985.5","90","283.5","C:\\Users\\abner\\OneDrive\\Documents\\Discover Supply\\kyte_images_optimized\\elixir_de_inhame_355ml___unidade.webp"
"","Dove Spray Original c/12 150ml ","Higiene Pessoal","unit","24",0,"27.6","40.5","972","662.400","702","17","232.8",""
"null","Dove Spray Men Total Protection c/12 150ml ","Desodorante ","unit","0",0,"26.5","42.95","0","0",0,0,0,""
"","Dove Spray Invisible Dry c/12 150ml ","Desodorante ","unit","36",0,"26.52","40.45","1456.2","954.72","444.95","11","153.23",""
"","Dove Spray Clean Comfort Men c/12 150ml","Desodorante ","unit","0",0,"26.75","40.5","0","0",0,0,0,"C:\\Users\\abner\\OneDrive\\Documents\\Discover Supply\\kyte_images_optimized\\dove_spray_clean_comfort_men_c_12_150ml.webp"
"","Dove Spray Beauty c/12 150ml","Desodorante ","unit","19",0,"26.5","40.5","769.5","503.5","288.4","7","102.9","C:\\Users\\abner\\OneDrive\\Documents\\Discover Supply\\kyte_images_optimized\\dove_spray_beauty_c_12_150ml.webp"
"","Dove Spray Men Extra Fresh","Desodorante ","unit","0",0,"26.5","42.75","0","0",0,0,0,"C:\\Users\\abner\\OneDrive\\Documents\\Discover Supply\\kyte_images_optimized\\dove_spray_men_extra_fresh.webp"
"","DLC Óleo de Coco Líquido 2oz c/12","De La Cruz","unit","0",0,"21","34","0","0",0,0,0,"C:\\Users\\abner\\OneDrive\\Documents\\Discover Supply\\kyte_images_optimized\\dlc__leo_de_coco_l_quido_2oz_c_12.webp"
"","DLC Óleo Rosa Mosqueta 100% 1oz c/12","De La Cruz","unit","5",0,"63","90.55","452.75","315","452.75","5","137.75","C:\\Users\\abner\\OneDrive\\Documents\\Discover Supply\\kyte_images_optimized\\dlc__leo_rosa_mosqueta_100__1oz_c_12.webp"
"","Cimegripe cartela c/20 - unidade ","Farmácia ","unit","1685",0,"7","11.95","20135.75","11795","9,201.5","770","3,811.5",""
"","Adeforte Ampola Vitamina - unidade","Farmácia ","unit","0",0,"9","14.9","0","0","1,311.2","88","519.2","C:\\Users\\abner\\OneDrive\\Documents\\Discover Supply\\kyte_images_optimized\\adeforte_ampola_vitamina___unidade.webp"
"null","Pomada Calminex","Farmácia ","unit","0",0,"14","19.95","0","0",0,0,0,"C:\\Users\\abner\\OneDrive\\Documents\\Discover Supply\\kyte_images_optimized\\pomada_calminex.webp"
"","Gota do Zeca 100ml c/12","Farmácia ","unit","46",0,"41.8","58.75","2702.5","1922.8","235","4","67.8","C:\\Users\\abner\\OneDrive\\Documents\\Discover Supply\\kyte_images_optimized\\gota_do_zeca_100ml_c_12.webp"
"","Giovanna Baby Blue Desodorante Aerosol 150ml - unidade ","Farmácia ","unit","90",0,"3.75","5.25","472.5","337.5","1,291.5","246","369",""
"","Giovanna Baby Aerosol Classic 150ml - unidade ","","unit","174",0,"3.75","5.25","913.5","652.5","1,039.5","198","297",""
"","Giovanna Baby Hidratante Classic - unidade ","","unit","150",0,"5.33","7.49","1123.5","799.5","269.64","36","77.76",""
"null","Depiflax Óleo Pos Depilação 100ml","","unit","0",0,"5.78","8.9","0","0",0,0,0,"C:\\Users\\abner\\OneDrive\\Documents\\Discover Supply\\kyte_images_optimized\\depiflax__leo_pos_depila__o_100ml.webp"
"null","Sol Natus Granola Tradicional c/6 350g","","unit","0",0,"20.99","29.99","0","0",0,0,0,"C:\\Users\\abner\\OneDrive\\Documents\\Discover Supply\\kyte_images_optimized\\sol_natus_granola_tradicional_c_6_350g.webp"
"","Sol Natus Chá Calm 59g c/6","Chás ","unit","11",0,"19.71","29.56","325.159","216.81",0,0,0,"C:\\Users\\abner\\OneDrive\\Documents\\Discover Supply\\kyte_images_optimized\\sol_natus_ch__calm_59g_c_6.webp"
"","Bepantol Baby - unidade","","unit","0",0,"10.49","19.9","0","0",0,0,0,"C:\\Users\\abner\\OneDrive\\Documents\\Discover Supply\\kyte_images_optimized\\bepantol_baby___unidade.webp"
"","Extrato de Própolis Gotas - c/20","Suplementos ","unit","0",0,"79.95","79.95","0","0",0,0,0,"C:\\Users\\abner\\OneDrive\\Documents\\Discover Supply\\kyte_images_optimized\\extrato_de_pr_polis_gotas___c_20.webp"
"","Desodorante Creme Herbissimo Neutro c/12","Desodorante ","unit","0",0,"16.79","25.2","0","0","151.2","6","50.46","C:\\Users\\abner\\OneDrive\\Documents\\Discover Supply\\kyte_images_optimized\\desodorante_creme_herbissimo_neutro_c_12.webp"
"","Desodorante Creme Herbissimo Lavanda c/12","Desodorante ","unit","37",0,"16.79","25.2","932.4","621.23","126","5","42.05","C:\\Users\\abner\\OneDrive\\Documents\\Discover Supply\\kyte_images_optimized\\desodorante_creme_herbissimo_lavanda_c_12.webp"
"","Desodorante Creme Herbissimo Sensitive c/12","Desodorante ","unit","2",0,"16.79","25.2","50.4","33.58","277.2","11","92.51","C:\\Users\\abner\\OneDrive\\Documents\\Discover Supply\\kyte_images_optimized\\desodorante_creme_herbissimo_sensitive_c_12.webp"
"","Dove Desodorante Spray Feminino Go Fresh Pomogranate & Lemon Verbena 150ml c/12","Desodorante ","unit","0",0,"26.5","40.5","0","0",0,0,0,"C:\\Users\\abner\\OneDrive\\Documents\\Discover Supply\\kyte_images_optimized\\dove_desodorante_spray_feminino_go_fresh_pomogranate___lemon_verbena_150ml_c_12.webp"
"","Dove Desodorante Spray Feminino Go Fresh Pear & Aloe Vera 150ml c/12","Desodorante ","unit","65",0,"26.52","40.9","2658.5","1723.8","366.2","9","127.52","C:\\Users\\abner\\OneDrive\\Documents\\Discover Supply\\kyte_images_optimized\\dove_desodorante_spray_feminino_go_fresh_pear___aloe_vera_150ml_c_12.webp"
"","Dove Desodorante Spray Feminino Go Fresh Apple & White Tea 150ml c/12","Desodorante ","unit","24",0,"27","40.9","981.599","648","204.5","5","69.5","C:\\Users\\abner\\OneDrive\\Documents\\Discover Supply\\kyte_images_optimized\\dove_desodorante_spray_feminino_go_fresh_apple___white_tea_150ml_c_12.webp"
"","Dove Desodorante Spray Men Invisible Dry 150ml c/12","Desodorante ","unit","0",0,"27","40.9","0","0",0,0,0,"C:\\Users\\abner\\OneDrive\\Documents\\Discover Supply\\kyte_images_optimized\\dove_desodorante_spray_men_invisible_dry_150ml_c_12.webp"
"","Dove Desodorante Spray Men Sport 150ml c/12","Desodorante ","unit","0",0,"31.8","40.5","0","0",0,0,0,"C:\\Users\\abner\\OneDrive\\Documents\\Discover Supply\\kyte_images_optimized\\dove_desodorante_spray_men_sport_150ml_c_12.webp"
"","Toyo Isqueiro Display c/50","Diversos","unit","51",0,"5.25","14.95","762.449","267.75","31.85","3","16.1","C:\\Users\\abner\\OneDrive\\Documents\\Discover Supply\\kyte_images_optimized\\toyo_isqueiro_display_c_50.webp"
"","Johnson & Johnson Band Aid 60 count c/12","Farmácia ","unit","2",0,"29.5","44.5","89","59","311.5","7","105","C:\\Users\\abner\\OneDrive\\Documents\\Discover Supply\\kyte_images_optimized\\johnson___johnson_band_aid_60_count_c_12.webp"
"","Bubbaloo Amora Azeda ","Balas","unit","37",0,"3.8","5.8","214.6","140.6","17.4","3","6",""
"","Dramamine Display c/25/2","Farmácia ","unit","0",0,"14.7","22.15","0","0",0,0,0,"C:\\Users\\abner\\OneDrive\\Documents\\Discover Supply\\kyte_images_optimized\\dramamine_display_c_25_2.webp"
"","Bubbaloo Menta c/47","Balas","unit","38",0,"3.8","5.8","220.4","144.4","5.8","1","2","C:\\Users\\abner\\OneDrive\\Documents\\Discover Supply\\kyte_images_optimized\\bubbaloo_menta_c_47.webp"
"","Dayquil c/32/2","Farmácia ","unit","4",0,"33","46.9","187.6","132","417.1","9","140.1","C:\\Users\\abner\\OneDrive\\Documents\\Discover Supply\\kyte_images_optimized\\dayquil_c_32_2.webp"
"","Tic Tac Laranja Display c/ 12","Balas","unit","9",0,"22.5","31.5","283.5","202.5","63","2","18","C:\\Users\\abner\\OneDrive\\Documents\\Discover Supply\\kyte_images_optimized\\tic_tac_laranja_display_c__12.webp"
"","Tic Tac Frutas Sortidas Display c/12","Balas","unit","0",0,0,0,"0","0",0,0,0,"C:\\Users\\abner\\OneDrive\\Documents\\Discover Supply\\kyte_images_optimized\\tic_tac_frutas_sortidas_display_c_12.webp"
"","Tic Tac Frutas Tropicais Display c/12","Balas","unit","0",0,0,0,"0","0",0,0,0,"C:\\Users\\abner\\OneDrive\\Documents\\Discover Supply\\kyte_images_optimized\\tic_tac_frutas_tropicais_display_c_12.webp"
"","Midol Display c/25/2","Farmácia ","unit","0",0,"11.25","16.95","0","0",0,0,0,"C:\\Users\\abner\\OneDrive\\Documents\\Discover Supply\\kyte_images_optimized\\midol_display_c_25_2.webp"
"","Tesourinha Stainless Steel Ponta Curva ","Diversos","unit","64",0,"1.5","3","192","96","36","12","18",""
"","Escova Plástica com Alça Plastica Sortida - unidade","Limpeza ","unit","96",0,"1.25","1.95","187.2","120",0,0,0,"C:\\Users\\abner\\OneDrive\\Documents\\Discover Supply\\kyte_images_optimized\\escova_pl_stica_com_al_a_plastica_sortida___unidade.webp"
"","Faca Branca Stainless Steel 8” - unidade","Cozinha ","unit","16",0,"1.35","2.45","39.2","21.6","14.7","6","6.6","C:\\Users\\abner\\OneDrive\\Documents\\Discover Supply\\kyte_images_optimized\\faca_branca_stainless_steel_8____unidade.webp"
"","Faca Branca Stainless Steel 10” - unidade","Cozinha ","unit","18",0,"1.5","2.75","49.5","27","35.75","13","16.25","C:\\Users\\abner\\OneDrive\\Documents\\Discover Supply\\kyte_images_optimized\\faca_branca_stainless_steel_10____unidade.webp"
"","Food Container Redondo Silicon Ring 3 Peças","Cozinha ","unit","29",0,"2","3","87","58","30","10","10",""
"","Forma de Pizza Non-Stick 12” - unidade","Cozinha ","unit","39",0,"2.5","3.75","146.25","97.5",0,0,0,"C:\\Users\\abner\\OneDrive\\Documents\\Discover Supply\\kyte_images_optimized\\forma_de_pizza_non_stick_12____unidade.webp"
"","Forma Redonda com Trava 10”x3” - unidade","Cozinha ","unit","0",0,"4.75","7.15","0","0",0,0,0,"C:\\Users\\abner\\OneDrive\\Documents\\Discover Supply\\kyte_images_optimized\\forma_redonda_com_trava_10_x3____unidade.webp"
"","Panela Non-Stick com Tampa de Vidro 3.5QT","Cozinha ","unit","11",0,"7.75","11.95","131.45","85.25","35.85","3","12.6","C:\\Users\\abner\\OneDrive\\Documents\\Discover Supply\\kyte_images_optimized\\panela_non_stick_com_tampa_de_vidro_3_5qt.webp"
"","Leiteira de Inox com Cabo Plástico 24oz - unidade ","Cozinha ","unit","0",0,"3.25","4.95","0","0",0,0,0,""
"","Baralho Copag C/12","Diversos","unit","18",0,"63.74","76.95","1385.100","1147.32","1,261.4","17","263.84","C:\\Users\\abner\\OneDrive\\Documents\\Discover Supply\\kyte_images_optimized\\baralho_copag_c_12.webp"
"","Sol Natus Cura Tudo Líquida 500ml","","unit","108",0,"5.62","7.9","853.2","606.96","616.2","78","177.84","C:\\Users\\abner\\OneDrive\\Documents\\Discover Supply\\kyte_images_optimized\\sol_natus_cura_tudo_l_quida_500ml.webp"
"","Melitta Filtro de Papel 103 - 6 C/30","","unit","66",0,"9.09","15.95","1052.7","599.939","27.3","2","9.12","C:\\Users\\abner\\OneDrive\\Documents\\Discover Supply\\kyte_images_optimized\\melitta_filtro_de_papel_103___6_c_30.webp"
"","Melitta Filtro de Papel 102 - 6 C/30","","unit","8",0,"8.49","12.9","103.2","67.92",0,0,0,"C:\\Users\\abner\\OneDrive\\Documents\\Discover Supply\\kyte_images_optimized\\melitta_filtro_de_papel_102___6_c_30.webp"
"","Engov After Bebida Reidratante Red Hits 250ml - com 6","Suplementos ","unit","11",0,"26.99","35.9","394.9","296.89","224.9","6","62.96","C:\\Users\\abner\\OneDrive\\Documents\\Discover Supply\\kyte_images_optimized\\engov_after_bebida_reidratante_red_hits_250ml___com_6.webp"
"","Skala Creme de Pentear Dona Skala 250g C/12","Skala","unit","0",0,"23.99","31.18","0","0",0,0,0,"C:\\Users\\abner\\OneDrive\\Documents\\Discover Supply\\kyte_images_optimized\\skala_creme_de_pentear_dona_skala_250g_c_12.webp"
"","Skala Creme 12 em 1 - 1kg C/6","Skala","unit","35",0,"13.29","20.9","731.5","465.15","189","10","56.1","C:\\Users\\abner\\OneDrive\\Documents\\Discover Supply\\kyte_images_optimized\\skala_creme_12_em_1___1kg_c_6.webp"
"","Skala Creme Abacate 1Kg","Skala","unit","0",0,"17.99","20.9","0","0","313.92","16","26.08","C:\\Users\\abner\\OneDrive\\Documents\\Discover Supply\\kyte_images_optimized\\skala_creme_abacate_1kg.webp"
"","Skala Creme Argila Branca 1kg C/6","Skala","unit","4",0,"16.99","22.99","91.96","67.96","309.45","16","96.81","C:\\Users\\abner\\OneDrive\\Documents\\Discover Supply\\kyte_images_optimized\\skala_creme_argila_branca_1kg_c_6.webp"
"","Skala Creme Banana e Bacuri 1Kg C/6","Skala","unit","10",0,"16.99","22.99","229.899","169.899",0,0,0,"C:\\Users\\abner\\OneDrive\\Documents\\Discover Supply\\kyte_images_optimized\\skala_creme_banana_e_bacuri_1kg_c_6.webp"
"","Skala Creme Cacau 1kg C/6","Skala","unit","49",0,"16.99","22.99","1126.51","832.509","327.3","17","101.37","C:\\Users\\abner\\OneDrive\\Documents\\Discover Supply\\kyte_images_optimized\\skala_creme_cacau_1kg_c_6.webp"
"","Skala Creme Coquetel de Frutas 1Kg C/6","Skala","unit","18",0,"16.99","22.99","413.82","305.82","270.6","14","84.54","C:\\Users\\abner\\OneDrive\\Documents\\Discover Supply\\kyte_images_optimized\\skala_creme_coquetel_de_frutas_1kg_c_6.webp"
"","Skala Creme Bomba de Vitamimas 1kg C/6","Skala","unit","9",0,"16.99","22.99","206.91","152.91","328.79","17","22.96","C:\\Users\\abner\\OneDrive\\Documents\\Discover Supply\\kyte_images_optimized\\skala_creme_bomba_de_vitamimas_1kg_c_6.webp"
"","Skala Creme Divina Cor 1kg C/6","Skala","unit","68",0,"16.99","22.99","1563.32","1155.32","172.1","9","52.49","C:\\Users\\abner\\OneDrive\\Documents\\Discover Supply\\kyte_images_optimized\\skala_creme_divina_cor_1kg_c_6.webp"
"","Skala Creme Dona Skala 1kg C/6","Skala","unit","51",0,"16.99","22.99","1172.49","866.489","324.35","17","98.42","C:\\Users\\abner\\OneDrive\\Documents\\Discover Supply\\kyte_images_optimized\\skala_creme_dona_skala_1kg_c_6.webp"
"","Skala Creme Genetiqs 1kg C/6","Skala","unit","0",0,"13.29","20.9","0","0","60.7","3","20.83","C:\\Users\\abner\\OneDrive\\Documents\\Discover Supply\\kyte_images_optimized\\skala_creme_genetiqs_1kg_c_6.webp"
"","Skala Creme Lama Negra 1kg C/6","Skala","unit","55",0,"16.99","22.99","1264.449","934.449","285.5","15","86.15","C:\\Users\\abner\\OneDrive\\Documents\\Discover Supply\\kyte_images_optimized\\skala_creme_lama_negra_1kg_c_6.webp"
"","Skala Creme Jaborandi 1kg C/6","Skala","unit","62",0,"16.99","22.99","1425.379","1053.379","209.9","11","63.71","C:\\Users\\abner\\OneDrive\\Documents\\Discover Supply\\kyte_images_optimized\\skala_creme_jaborandi_1kg_c_6.webp"
"","Skala Creme Potão Desmaiado 1kg C/6","Skala","unit","46",0,"16.99","22.99","1057.54","781.54","344.2","18","104.98","C:\\Users\\abner\\OneDrive\\Documents\\Discover Supply\\kyte_images_optimized\\skala_creme_pot_o_desmaiado_1kg_c_6.webp"
"","Skala Creme Manga e Castanha do Pará 1kg C/6","Skala","unit","20",0,"16.99","22.99","459.799","339.799","303.45","16","90.81","C:\\Users\\abner\\OneDrive\\Documents\\Discover Supply\\kyte_images_optimized\\skala_creme_manga_e_castanha_do_par__1kg_c_6.webp"
"","Skala Creme Raizes do Morro 1kg C/6","Skala","unit","46",0,"16.96","22.99","1057.54","780.160","351.25","18","112.03","C:\\Users\\abner\\OneDrive\\Documents\\Discover Supply\\kyte_images_optimized\\skala_creme_raizes_do_morro_1kg_c_6.webp"
"","Skala Creme Mais Crespos 1kg C/6","Skala","unit","45",0,"16.99","22.99","1034.55","764.55","366.15","19","113.64","C:\\Users\\abner\\OneDrive\\Documents\\Discover Supply\\kyte_images_optimized\\skala_creme_mais_crespos_1kg_c_6.webp"
"","Skala Creme Cajú e Mutumuru 1 kg C/6","Skala","unit","17",0,"16.99","22.99","390.83","288.83","207.9","11","61.71","C:\\Users\\abner\\OneDrive\\Documents\\Discover Supply\\kyte_images_optimized\\skala_creme_caj__e_mutumuru_1_kg_c_6.webp"
"","Germa álcool Salicílico 2oz - c/12","Farmácia ","unit","29",0,"25.2","37.8","1096.199","730.8","37.8","1","12.6","C:\\Users\\abner\\OneDrive\\Documents\\Discover Supply\\kyte_images_optimized\\germa__lcool_salic_lico_2oz___c_12.webp"
"","DLC Água de Rosas Spray 8oz","De La Cruz","unit","36",0,"2.3","3.95","142.200","82.8",0,0,0,"C:\\Users\\abner\\OneDrive\\Documents\\Discover Supply\\kyte_images_optimized\\dlc__gua_de_rosas_spray_8oz.webp"
"","Ibuprofeno 600mg Saimed 100/1 - 10 cartelas com 10","Farmácia ","unit","0",0,"23","34.5","0","0","621","18","207","C:\\Users\\abner\\OneDrive\\Documents\\Discover Supply\\kyte_images_optimized\\ibuprofeno_600mg_saimed_100_1___10_cartelas_com_10.webp"
"","Nivea Creme Corporal Dry Skin 400ml","Perfumaria ","unit","60",0,"5.25","7.35","441","315","264.6","36","75.6","C:\\Users\\abner\\OneDrive\\Documents\\Discover Supply\\kyte_images_optimized\\nivea_creme_corporal_dry_skin_400ml.webp"
"","Giovanna Baby Lilac Desodorante Spray 150ml - unidade","Desodorante ","unit","342",0,"3.75","5.25","1795.5","1282.5","157.5","30","45","C:\\Users\\abner\\OneDrive\\Documents\\Discover Supply\\kyte_images_optimized\\giovanna_baby_lilac_desodorante_spray_150ml___unidade.webp"
"","Pipoqueira de Alumínio Polido 4.0","Alumínio ","unit","6",0,"11.66","16.45","98.699","69.960","49.35","3","14.37","C:\\Users\\abner\\OneDrive\\Documents\\Discover Supply\\kyte_images_optimized\\pipoqueira_de_alum_nio_polido_4_0.webp"
"","Farmax Óleo Capilar e Corporal Semente de Uva 100ml c/12","Farmax ","unit","11",0,"25.9","38.95","428.450","284.9","38.95","1","13.05","C:\\Users\\abner\\OneDrive\\Documents\\Discover Supply\\kyte_images_optimized\\farmax__leo_capilar_e_corporal_semente_de_uva_100ml_c_12.webp"
"","Crece Pelo Curativo de Unhas - Endurecedor 15ml - unidade","Acessórios ","unit","306",0,"3.5","5.25","1606.5","1071","31.5","6","10.5","C:\\Users\\abner\\OneDrive\\Documents\\Discover Supply\\kyte_images_optimized\\crece_pelo_curativo_de_unhas___endurecedor_15ml___unidade.webp"
"","Nivea Creme Corporal Extra Dry 400ml","Perfumaria ","unit","21",0,"5.25","7.35","154.35","110.25","88.2","12","25.2","C:\\Users\\abner\\OneDrive\\Documents\\Discover Supply\\kyte_images_optimized\\nivea_creme_corporal_extra_dry_400ml.webp"
"","Nivea Creme Corporal Normal Skin 400ml","Perfumaria ","unit","84",0,"5.25","7.35","617.4","441","220.5","30","63","C:\\Users\\abner\\OneDrive\\Documents\\Discover Supply\\kyte_images_optimized\\nivea_creme_corporal_normal_skin_400ml.webp"
"","Redsy Minoxidil Ampola Capilar c/6","Ampolas ","unit","371",0,"10.87","16.9","6269.9","4032.769","1,752.8","104","622.32","C:\\Users\\abner\\OneDrive\\Documents\\Discover Supply\\kyte_images_optimized\\redsy_minoxidil_ampola_capilar_c_6.webp"
"","Redsy Minoxidil Shampoo 16oz","Diversos","unit","210",0,"3.08","4.95","1039.5","646.800","1,544.4","312","583.44","C:\\Users\\abner\\OneDrive\\Documents\\Discover Supply\\kyte_images_optimized\\redsy_minoxidil_shampoo_16oz.webp"
"","Giovanna Baby Sabonete Baby Giby Rosa 90g c/12","Higiene Pessoal","unit","47",0,"17.99","25.19","1183.93","845.53","277.09","11","79.2","C:\\Users\\abner\\OneDrive\\Documents\\Discover Supply\\kyte_images_optimized\\giovanna_baby_sabonete_baby_giby_rosa_90g_c_12.webp"
"","Giovanna Baby Sabonete Baby Giby Azul 90g c/12","Higiene Pessoal","unit","50",0,"17.99","25.19","1259.5","899.499","302.28","12","86.4","C:\\Users\\abner\\OneDrive\\Documents\\Discover Supply\\kyte_images_optimized\\giovanna_baby_sabonete_baby_giby_azul_90g_c_12.webp"
"","Monange Creme Hidratante de Oliva 200ml","","unit","84",0,"2.99","4.2","352.8","251.160",0,0,0,"C:\\Users\\abner\\OneDrive\\Documents\\Discover Supply\\kyte_images_optimized\\monange_creme_hidratante_de_oliva_200ml.webp"
"","Monange Creme Hidratante Flor de Lavanda 200ml","Higiene Pessoal","unit","192",0,"2.66","3.85","739.2","510.72","69.3","18","21.42","C:\\Users\\abner\\OneDrive\\Documents\\Discover Supply\\kyte_images_optimized\\monange_creme_hidratante_flor_de_lavanda_200ml.webp"
"","Monange Creme Hidratante Frutas Vermelha 200ml","Higiene Pessoal","unit","156",0,"2.66","3.85","600.6","414.960","69.3","18","21.42","C:\\Users\\abner\\OneDrive\\Documents\\Discover Supply\\kyte_images_optimized\\monange_creme_hidratante_frutas_vermelha_200ml.webp"
"","Monange Creme Hidratante Iogurte/Aveia 200ml","Higiene Pessoal","unit","48",0,"2.99","4.2","201.600","143.52","75.6","18","21.78","C:\\Users\\abner\\OneDrive\\Documents\\Discover Supply\\kyte_images_optimized\\monange_creme_hidratante_iogurte_aveia_200ml.webp"
"","Monange Creme Hidratante Extrato de Algodão 200ml","Higiene Pessoal","unit","180",0,"2.66","3.85","693","478.8","69.3","18","21.42","C:\\Users\\abner\\OneDrive\\Documents\\Discover Supply\\kyte_images_optimized\\monange_creme_hidratante_extrato_de_algod_o_200ml.webp"
"","Skala Creme Amido de Milho 1Kg","Skala","unit","29",0,"16.99","22.99","666.709","492.71","421.8","22","129.42","C:\\Users\\abner\\OneDrive\\Documents\\Discover Supply\\kyte_images_optimized\\skala_creme_amido_de_milho_1kg.webp"
"","Skala Creme Babosa 1kg","Skala","unit","7",0,"16.99","22.99","160.929","118.929","67.77","3","14.8","C:\\Users\\abner\\OneDrive\\Documents\\Discover Supply\\kyte_images_optimized\\skala_creme_babosa_1kg.webp"
"","Skala Creme Ceramidas 1Kg","Skala","unit","52",0,"16.99","22.99","1195.48","883.479","348.2","18","108.98","C:\\Users\\abner\\OneDrive\\Documents\\Discover Supply\\kyte_images_optimized\\skala_creme_ceramidas_1kg.webp"
"","Skala Creme Divino Potão 1kg","Skala","unit","0",0,"17.99","20.9","0","0","179.64","9","17.73","C:\\Users\\abner\\OneDrive\\Documents\\Discover Supply\\kyte_images_optimized\\skala_creme_divino_pot_o_1kg.webp"
"","Skala Creme Maionese Capilar 1Kg","Skala","unit","18",0,"16.99","22.99","413.82","305.82","351.25","18","112.03","C:\\Users\\abner\\OneDrive\\Documents\\Discover Supply\\kyte_images_optimized\\skala_creme_maionese_capilar_1kg.webp"
"","Skala Creme Mais Cachos 1kg","Skala","unit","3",0,"16.99","22.99","68.97","50.97","413.23","20","140.03","C:\\Users\\abner\\OneDrive\\Documents\\Discover Supply\\kyte_images_optimized\\skala_creme_mais_cachos_1kg.webp"
"","Skala Expert Creme Óleo de Côco 1kg","Skala","unit","0",0,"13.29","20.9","0","0","328.35","17","102.42","C:\\Users\\abner\\OneDrive\\Documents\\Discover Supply\\kyte_images_optimized\\skala_expert_creme__leo_de_c_co_1kg.webp"
"","Skala Expert Creme Mais Cachinhos 1kg","Skala","unit","27",0,"16.99","22.99","620.729","458.729","448.7","23","143.03","C:\\Users\\abner\\OneDrive\\Documents\\Discover Supply\\kyte_images_optimized\\skala_expert_creme_mais_cachinhos_1kg.webp"
"","Skala Expert Creme Maracujá e Creme de Patauá  1kg","Skala","unit","8",0,"16.99","22.99","183.92","135.92","274.69","14","84.93","C:\\Users\\abner\\OneDrive\\Documents\\Discover Supply\\kyte_images_optimized\\skala_expert_creme_maracuj__e_creme_de_patau___1kg.webp"
"","Arco Íris Cuscuzeira #18 - unidade","Alumínio ","unit","0",0,"16.8","22.9","0","0","68.7","3","18.3","C:\\Users\\abner\\OneDrive\\Documents\\Discover Supply\\kyte_images_optimized\\arco__ris_cuscuzeira__18___unidade.webp"
"","Epile Óleo Corporal Rosa Mosqueta 10ml c/12 unidades","Óleo ","unit","13",0,"99.9","129.9","1688.7","1298.7","674.5","5","175","C:\\Users\\abner\\OneDrive\\Documents\\Discover Supply\\kyte_images_optimized\\epile__leo_corporal_rosa_mosqueta_10ml_c_12_unidades.webp"
"","Diabo Verde Desintupidor de Pia Granulado 300g","","unit","78",0,"5.09","7.15","557.7","397.02","436.15","61","125.66","C:\\Users\\abner\\OneDrive\\Documents\\Discover Supply\\kyte_images_optimized\\diabo_verde_desintupidor_de_pia_granulado_300g.webp"
"","Fini Carmed Labial Amora - unidade","Fini ","unit","54",0,"5","6.8","367.2","270","163.2","24","43.2","C:\\Users\\abner\\OneDrive\\Documents\\Discover Supply\\kyte_images_optimized\\fini_carmed_labial_amora___unidade.webp"
"","Fini Carmed Labial Minhocas - unidade ","Fini ","unit","140",0,"5","6.8","952","700",0,0,0,""
"","Fini Carmed Labial Leite Condesado - unidade","Fini ","unit","36",0,"5","6.8","244.799","180","40.8","6","10.8","C:\\Users\\abner\\OneDrive\\Documents\\Discover Supply\\kyte_images_optimized\\fini_carmed_labial_leite_condesado___unidade.webp"
"","Fini Carmed Labial Brigadeiro - unidade","Fini ","unit","32",0,"5","6.8","217.6","160","81.6","12","21.6","C:\\Users\\abner\\OneDrive\\Documents\\Discover Supply\\kyte_images_optimized\\fini_carmed_labial_brigadeiro___unidade.webp"
"","Fini Carmed Labial Maçã do Amor - unidade","Fini ","unit","138",0,"5","6.8","938.4","690",0,0,0,"C:\\Users\\abner\\OneDrive\\Documents\\Discover Supply\\kyte_images_optimized\\fini_carmed_labial_ma___do_amor___unidade.webp"
"","Fini Carmed Labial Açaí - unidade","Fini ","unit","100",0,"5","6.8","680","500","244.8","36","64.8","C:\\Users\\abner\\OneDrive\\Documents\\Discover Supply\\kyte_images_optimized\\fini_carmed_labial_a_a____unidade.webp"
"","Fini Carmed Labial Dentaduras - unidade","Fini ","unit","54",0,"5","6.8","367.2","270","163.2","24","43.2","C:\\Users\\abner\\OneDrive\\Documents\\Discover Supply\\kyte_images_optimized\\fini_carmed_labial_dentaduras___unidade.webp"
"","Fini Carmed Labial Água de Côco - unidade","Fini ","unit","68",0,"5","6.8","462.4","340","40.8","6","10.8","C:\\Users\\abner\\OneDrive\\Documents\\Discover Supply\\kyte_images_optimized\\fini_carmed_labial__gua_de_c_co___unidade.webp"
"","Fini Carmed Labial Melancia - unidade","Fini ","unit","90",0,"5","6.8","612","450","40.8","6","10.8","C:\\Users\\abner\\OneDrive\\Documents\\Discover Supply\\kyte_images_optimized\\fini_carmed_labial_melancia___unidade.webp"
"","Fini Carmed Labial Beijo - unidade","Fini ","unit","60",0,"5","6.8","408","300","122.4","18","32.4","C:\\Users\\abner\\OneDrive\\Documents\\Discover Supply\\kyte_images_optimized\\fini_carmed_labial_beijo___unidade.webp"
"","Fini Carmed Labial Amora Intenso - unidades","Fini ","unit","77",0,"5","6.8","523.6","385","81.6","12","21.6","C:\\Users\\abner\\OneDrive\\Documents\\Discover Supply\\kyte_images_optimized\\fini_carmed_labial_amora_intenso___unidades.webp"
"","Dove Spray 250ml Clean Confort for Men ","Desodorante ","unit","0",0,"30.5","48.95","0","0",0,0,0,""
"","Dove Spray 150ml Cucumber  Green c/12 ","Desodorante ","unit","0",0,"27","39.99","0","0",0,0,0,""
"","Dove Spray 150ml Passion Fruit c/12","Desodorante ","unit","0",0,"26.5","40.5","0","0",0,0,0,"C:\\Users\\abner\\OneDrive\\Documents\\Discover Supply\\kyte_images_optimized\\dove_spray_150ml_passion_fruit_c_12.webp"
"","Dove Spray 150ml Powder Soft c/12","Desodorante ","unit","0",0,"26.5","42.75","0","0",0,0,0,"C:\\Users\\abner\\OneDrive\\Documents\\Discover Supply\\kyte_images_optimized\\dove_spray_150ml_powder_soft_c_12.webp"
"","Dove Spray 250ml Cool Fresh For Men c/12","Desodorante ","unit","0",0,"30.5","48.95","0","0",0,0,0,"C:\\Users\\abner\\OneDrive\\Documents\\Discover Supply\\kyte_images_optimized\\dove_spray_250ml_cool_fresh_for_men_c_12.webp"
"","Claritin Anti-Alergico 25/1","Farmácia ","unit","0",0,"0.25","35","0","0",0,0,0,"C:\\Users\\abner\\OneDrive\\Documents\\Discover Supply\\kyte_images_optimized\\claritin_anti_alergico_25_1.webp"
"","Colgate Creme Dental Sparkling White Mint 2.5oz c/12","Higiene Pessoal","unit","12",0,"10.75","16.45","197.399","129","180.95","11","62.7","C:\\Users\\abner\\OneDrive\\Documents\\Discover Supply\\kyte_images_optimized\\colgate_creme_dental_sparkling_white_mint_2_5oz_c_12.webp"
"","Skala Creme Frustatica Banana 1kg c/6","Farmácia ","unit","59",0,"16.99","22.99","1356.409","1002.409","195","10","62.1","C:\\Users\\abner\\OneDrive\\Documents\\Discover Supply\\kyte_images_optimized\\skala_creme_frustatica_banana_1kg_c_6.webp"
"","Hipoglos Pomada Transparente - unidade","Farmácia ","unit","129",0,"9","16.95","2186.549","1161","254.25","15","119.25","C:\\Users\\abner\\OneDrive\\Documents\\Discover Supply\\kyte_images_optimized\\hipoglos_pomada_transparente___unidade.webp"
"","Acetona Ideal 100ml c/12","Ideal","unit","0",0,"15.99","19.99","0","0",0,0,0,"C:\\Users\\abner\\OneDrive\\Documents\\Discover Supply\\kyte_images_optimized\\acetona_ideal_100ml_c_12.webp"
"","Finafta Multioral Spray 2oz - unidade","Farmácia ","unit","36",0,"5.85","8.98","323.280","210.6","107.76","12","37.56","C:\\Users\\abner\\OneDrive\\Documents\\Discover Supply\\kyte_images_optimized\\finafta_multioral_spray_2oz___unidade.webp"
"","Gillette Razor 3 CT Simply Vênus 2 (3Rx4) - caixa com pacote de 3 unidades","Higiene Pessoal","unit","20",0,"14","19.6","392","280","58.8","3","16.8","C:\\Users\\abner\\OneDrive\\Documents\\Discover Supply\\kyte_images_optimized\\gillette_razor_3_ct_simply_v_nus_2__3rx4____caixa_com_pacote_de_3_unidades.webp"
"","Gel Xtreme Clear 250g - unidade","Higiene Pessoal","unit","156",0,"1.2","1.95","304.2","187.2","23.4","12","9","C:\\Users\\abner\\OneDrive\\Documents\\Discover Supply\\kyte_images_optimized\\gel_xtreme_clear_250g___unidade.webp"
"","Gel Xtreme Clear 2.20kg - unidade","Higiene Pessoal","unit","45",0,"6.98","9.98","449.1","314.1",0,0,0,"C:\\Users\\abner\\OneDrive\\Documents\\Discover Supply\\kyte_images_optimized\\gel_xtreme_clear_2_20kg___unidade.webp"
"","Deo Colonia Classic Giovanna Baby","","unit","57",0,"18.15","24.55","1399.350","1034.55","73.65","3","19.2","C:\\Users\\abner\\OneDrive\\Documents\\Discover Supply\\kyte_images_optimized\\deo_colonia_classic_giovanna_baby.webp"
"","Deo Colonia Blue Giovanna Baby","Acessórios ","unit","57",0,"18.15","24.45","1393.649","1034.55","73.35","3","18.9","C:\\Users\\abner\\OneDrive\\Documents\\Discover Supply\\kyte_images_optimized\\deo_colonia_blue_giovanna_baby.webp"
"","Fini Carmed Labial Cereja - unidade","","unit","152",0,"5","6.8","1033.6","760",0,0,0,"C:\\Users\\abner\\OneDrive\\Documents\\Discover Supply\\kyte_images_optimized\\fini_carmed_labial_cereja___unidade.webp"
"","Fini Carmed Labial Doce de Leite - unidade","Farmácia ","unit","28",0,"5","6.8","190.4","140",0,0,0,"C:\\Users\\abner\\OneDrive\\Documents\\Discover Supply\\kyte_images_optimized\\fini_carmed_labial_doce_de_leite___unidade.webp"
"","Fini Carmed Gel Dental Melancia - unidade","","unit","258",0,"5","5.99","1545.42","1290",0,0,0,"C:\\Users\\abner\\OneDrive\\Documents\\Discover Supply\\kyte_images_optimized\\fini_carmed_gel_dental_melancia___unidade.webp"
"","Fini Carmed Gel Dental Dentadura - unidade","","unit","246",0,"5","5.99","1473.54","1230","35.94","6","5.94","C:\\Users\\abner\\OneDrive\\Documents\\Discover Supply\\kyte_images_optimized\\fini_carmed_gel_dental_dentadura___unidade.webp"
"","Fini Carmed Gel Dental Cereja - unidade","","unit","264",0,"5","5.99","1581.360","1320",0,0,0,"C:\\Users\\abner\\OneDrive\\Documents\\Discover Supply\\kyte_images_optimized\\fini_carmed_gel_dental_cereja___unidade.webp"
"","Fini Carmed Gel Dental Minhocas - unidade","","unit","270",0,"5","5.99","1617.3","1350",0,0,0,"C:\\Users\\abner\\OneDrive\\Documents\\Discover Supply\\kyte_images_optimized\\fini_carmed_gel_dental_minhocas___unidade.webp"
"","Fini Carmed Gel Dental Beijos - unidade","","unit","0",0,"6","7.8","0","0",0,0,0,"C:\\Users\\abner\\OneDrive\\Documents\\Discover Supply\\kyte_images_optimized\\fini_carmed_gel_dental_beijos___unidade.webp"
"","Fini Carmed Gel Dental Beijos - unidade","","unit","222",0,"5","5.99","1329.78","1110","71.88","12","11.88","C:\\Users\\abner\\OneDrive\\Documents\\Discover Supply\\kyte_images_optimized\\fini_carmed_gel_dental_beijos___unidade.webp"
"","Fini Carmed Labial Beijinho - unidade","","unit","0",0,"5","6.8","0","0","40.8","6","10.8","C:\\Users\\abner\\OneDrive\\Documents\\Discover Supply\\kyte_images_optimized\\fini_carmed_labial_beijinho___unidade.webp"
"","Leite de Magnésia Tradicional c/6","Farmácia ","unit","9",0,"18","28","252","162","28","1","10","C:\\Users\\abner\\OneDrive\\Documents\\Discover Supply\\kyte_images_optimized\\leite_de_magn_sia_tradicional_c_6.webp"
"","Leite de Magnésia Hortelã c/6","Farmácia ","unit","21",0,"18","28","588","378","28","1","10","C:\\Users\\abner\\OneDrive\\Documents\\Discover Supply\\kyte_images_optimized\\leite_de_magn_sia_hortel__c_6.webp"
"","Pilão de Alumínio  Batido","Alumínio ","unit","0",0,"3.99","5.99","0","0",0,0,0,"C:\\Users\\abner\\OneDrive\\Documents\\Discover Supply\\kyte_images_optimized\\pil_o_de_alum_nio__batido.webp"
"","Giovanna Baby Giby Kit Shampoo, Condicionador, Sabomete e esponja","Farmácia ","unit","0",0,"9.45","14.19","0","0",0,0,0,"C:\\Users\\abner\\OneDrive\\Documents\\Discover Supply\\kyte_images_optimized\\giovanna_baby_giby_kit_shampoo__condicionador__sabomete_e_esponja.webp"
"","Giovanna Baby Giby Kit Menina Shampoo, Condicionador, Sabonete e Esponja","Farmácia ","unit","0",0,"9.45","14.19","0","0",0,0,0,"C:\\Users\\abner\\OneDrive\\Documents\\Discover Supply\\kyte_images_optimized\\giovanna_baby_giby_kit_menina_shampoo__condicionador__sabonete_e_esponja.webp"
"","Hipoglos Pomada Amêndoas - unidade ","Farmácia ","unit","95",0,"9","16.95","1610.25","855","508.5","30","238.5",""
"","Skala Creme Uva 1Kg c/6","Skala","unit","10",0,"16.99","22.99","229.899","169.899","272.63","14","20.77","C:\\Users\\abner\\OneDrive\\Documents\\Discover Supply\\kyte_images_optimized\\skala_creme_uva_1kg_c_6.webp"
"","Skala Creme Acachonados 1kg c/6","Skala","unit","148",0,"16.99","22.99","3402.52","2514.52","749.39","37","253.96","C:\\Users\\abner\\OneDrive\\Documents\\Discover Supply\\kyte_images_optimized\\skala_creme_acachonados_1kg_c_6.webp"
"","Skala Creme Melancia 1kg c/6","Skala","unit","9",0,"16.99","22.99","206.91","152.91",0,0,0,"C:\\Users\\abner\\OneDrive\\Documents\\Discover Supply\\kyte_images_optimized\\skala_creme_melancia_1kg_c_6.webp"
"","Skala Creme Morango 1kg c/6","","unit","9",0,"16.99","22.99","206.91","152.91","64.73","3","10.76","C:\\Users\\abner\\OneDrive\\Documents\\Discover Supply\\kyte_images_optimized\\skala_creme_morango_1kg_c_6.webp"
"","Theraflu Day time Berry Burst","Farmácia ","unit","0",0,"24.95","37.45","0","0","74.9","2","25","C:\\Users\\abner\\OneDrive\\Documents\\Discover Supply\\kyte_images_optimized\\theraflu_day_time_berry_burst.webp"
"","Fini Carmed Smurf - unidade","Fini ","unit","92",0,"5","6.9","634.800","460","248.4","36","68.4","C:\\Users\\abner\\OneDrive\\Documents\\Discover Supply\\kyte_images_optimized\\fini_carmed_smurf___unidade.webp"
"","Fini Carmed Glitter 3 em 1 - unidade","Fini ","unit","298",0,"8","10.95","3263.1","2384","65.7","6","17.7","C:\\Users\\abner\\OneDrive\\Documents\\Discover Supply\\kyte_images_optimized\\fini_carmed_glitter_3_em_1___unidade.webp"
"","Aleve Strength Box/25 caplets ","","unit","4",0,"9.75","14.65","58.6","39",0,0,0,""
"","Lufbem ","Farmácia ","unit","0",0,"8.45","8.45","0","0","295.75","35","0",""
"","Mata Piolho 2oz","","unit","24",0,"4.42","6.65","159.600","106.08","119.7","18","40.14","C:\\Users\\abner\\OneDrive\\Documents\\Discover Supply\\kyte_images_optimized\\mata_piolho_2oz.webp"
"","DLC Pomada Acne 2.6oz","De La Cruz","unit","11",0,"35.4","49.8","547.8","389.4",0,0,0,"C:\\Users\\abner\\OneDrive\\Documents\\Discover Supply\\kyte_images_optimized\\dlc_pomada_acne_2_6oz.webp"
"","Lola Óleo Pinga Patauá e Moringa","Lola ","unit","6",0,"83.4","107.4","644.400","500.400","429.6","4","96","C:\\Users\\abner\\OneDrive\\Documents\\Discover Supply\\kyte_images_optimized\\lola__leo_pinga_patau__e_moringa.webp"
"","DLC Óleo de Côco Líquido 2.2oz - c/12","Novex ","unit","91",0,"21","34","3094","1911","340","10","130","C:\\Users\\abner\\OneDrive\\Documents\\Discover Supply\\kyte_images_optimized\\dlc__leo_de_c_co_l_quido_2_2oz___c_12.webp"
"","Dove Spray Classic 200ml","Desodorante ","unit","0",0,"32.04","44.95","0","0",0,0,0,"C:\\Users\\abner\\OneDrive\\Documents\\Discover Supply\\kyte_images_optimized\\dove_spray_classic_200ml.webp"
"","Dove Spray Powder Soft 200ml","Desodorante ","unit","0",0,"32.52","45.75","0","0",0,0,0,"C:\\Users\\abner\\OneDrive\\Documents\\Discover Supply\\kyte_images_optimized\\dove_spray_powder_soft_200ml.webp"
"","Dove Spray Invisible Dry 250ml","Desodorante ","unit","8",0,"34.44","48.9","391.2","275.52","830.3","17","244.82","C:\\Users\\abner\\OneDrive\\Documents\\Discover Supply\\kyte_images_optimized\\dove_spray_invisible_dry_250ml.webp"
"","Dove Spray Cucumber 250ml","Desodorante ","unit","8",0,"34.44","48.9","391.2","275.52","878.25","18","258.33","C:\\Users\\abner\\OneDrive\\Documents\\Discover Supply\\kyte_images_optimized\\dove_spray_cucumber_250ml.webp"
"","Rexona Spray Bambu/Aloe Vera 200ml Caixa com 12","Desodorante ","unit","9",0,"27.6","42.75","384.75","248.4","1,023.15","24","360.75","C:\\Users\\abner\\OneDrive\\Documents\\Discover Supply\\kyte_images_optimized\\rexona_spray_bambu_aloe_vera_200ml_caixa_com_12.webp"
"","Rexona Spray Antibacterial Protector 200ml Caixa com 12","Desodorante ","unit","29",0,"24","42.75","1239.75","696","1,365.15","32","597.15","C:\\Users\\abner\\OneDrive\\Documents\\Discover Supply\\kyte_images_optimized\\rexona_spray_antibacterial_protector_200ml_caixa_com_12.webp"
"","Rexona Spray Cotton Dry 200ml Caixa com 12","Desodorante ","unit","17",0,"26.4","42.75","726.75","448.799","1,319.55","31","501.15","C:\\Users\\abner\\OneDrive\\Documents\\Discover Supply\\kyte_images_optimized\\rexona_spray_cotton_dry_200ml_caixa_com_12.webp"
"","Rexona Spray Powder Dry 200ml caixa com 12","Desodorante ","unit","9",0,"26.4","42.75","384.75","237.6","849.3","20","321.3","C:\\Users\\abner\\OneDrive\\Documents\\Discover Supply\\kyte_images_optimized\\rexona_spray_powder_dry_200ml_caixa_com_12.webp"
"","Rexona Spray Invisible Black/White 200ml Caixa com 12","Desodorante ","unit","17",0,"26.4","42.75","726.75","448.799","1,325.25","31","506.85","C:\\Users\\abner\\OneDrive\\Documents\\Discover Supply\\kyte_images_optimized\\rexona_spray_invisible_black_white_200ml_caixa_com_12.webp"
"","Capilo Óleo Argan 2oz c/12","Capilo","unit","7",0,"45.96","64.9","454.300","321.72","194.7","3","56.82","C:\\Users\\abner\\OneDrive\\Documents\\Discover Supply\\kyte_images_optimized\\capilo__leo_argan_2oz_c_12.webp"
"","Aldu Minoxidil Ampolla c/6","Produtos de Cabelo","unit","90",0,"11.48","16.9","1520.999","1033.2","33.8","2","10.84","C:\\Users\\abner\\OneDrive\\Documents\\Discover Supply\\kyte_images_optimized\\aldu_minoxidil_ampolla_c_6.webp"
"","Belami Bicarbonato de Sódio 3oz","Farmácia ","unit","75",0,"14.28","21.6","1620","1071","86.4","4","29.28","C:\\Users\\abner\\OneDrive\\Documents\\Discover Supply\\kyte_images_optimized\\belami_bicarbonato_de_s_dio_3oz.webp"
"","Belami Bicarbonato de Sódio 4oz c/12","Farmácia ","unit","29",0,"19.44","27.48","796.92","563.76","219.84","8","64.32","C:\\Users\\abner\\OneDrive\\Documents\\Discover Supply\\kyte_images_optimized\\belami_bicarbonato_de_s_dio_4oz_c_12.webp"
"","Dr. Pé - Gel Fresco para Pés  unidade","Farmácia ","unit","6",0,"3.95","5.53","33.18","23.700","33.18","6","9.48","C:\\Users\\abner\\OneDrive\\Documents\\Discover Supply\\kyte_images_optimized\\dr__p____gel_fresco_para_p_s__unidade.webp"
"","Capilo Pro Bálsamo para Pés  6.7oz unidade","Capilo","unit","54",0,"3.83","5.75","310.5","206.82","69","12","23.04","C:\\Users\\abner\\OneDrive\\Documents\\Discover Supply\\kyte_images_optimized\\capilo_pro_b_lsamo_para_p_s__6_7oz_unidade.webp"
"","Dermaline Arnica Preta  - unidade","Farmácia ","unit","84",0,"2.38","3.6","302.400","199.92","64.8","18","21.96","C:\\Users\\abner\\OneDrive\\Documents\\Discover Supply\\kyte_images_optimized\\dermaline_arnica_preta____unidade.webp"
"","Dermaline Anti-Age Creme 2oz unidade ","Fashion","unit","66",0,"3.4","5.25","346.5","224.4",0,0,0,""
"","Redsy Condicionador Minoxidil 16oz","Diversos","unit","54",0,"3.08","4.95","267.3","166.32","1,514.7","306","572.22","C:\\Users\\abner\\OneDrive\\Documents\\Discover Supply\\kyte_images_optimized\\redsy_condicionador_minoxidil_16oz.webp"
"","Redsy Tratamento Minoxidil 16oz","Diversos","unit","90",0,"4.72","6.99","629.1","424.799","2,055.06","294","667.38","C:\\Users\\abner\\OneDrive\\Documents\\Discover Supply\\kyte_images_optimized\\redsy_tratamento_minoxidil_16oz.webp"
"","Redsy Leave-in Minoxidil 8oz","Diversos","unit","96",0,"4.51","6.75","648","432.96","567","84","188.16","C:\\Users\\abner\\OneDrive\\Documents\\Discover Supply\\kyte_images_optimized\\redsy_leave_in_minoxidil_8oz.webp"
"","Grisi Sabonete Geleia Real c/12","Diversos","unit","94",0,"14.88","22.35","2100.9","1398.72",0,0,0,"C:\\Users\\abner\\OneDrive\\Documents\\Discover Supply\\kyte_images_optimized\\grisi_sabonete_geleia_real_c_12.webp"
"","Resfridol Xarope Expectorante 120ml","Farmácia ","unit","0",0,"3.36","5.9","0","0","94.4","16","40.64","C:\\Users\\abner\\OneDrive\\Documents\\Discover Supply\\kyte_images_optimized\\resfridol_xarope_expectorante_120ml.webp"
"","Resfridol Xarope Antigripal 120ml","Farmácia ","unit","0",0,"3.36","5.9","0","0","94.4","16","40.64","C:\\Users\\abner\\OneDrive\\Documents\\Discover Supply\\kyte_images_optimized\\resfridol_xarope_antigripal_120ml.webp"
"","Resfridol Xarope para Tosse 120ml","Farmácia ","unit","0",0,"3.36","5.9","0","0",0,0,0,"C:\\Users\\abner\\OneDrive\\Documents\\Discover Supply\\kyte_images_optimized\\resfridol_xarope_para_tosse_120ml.webp"
"","Protex Sabonete Balance Saudavel c/12","Higiene Pessoal","unit","96",0,"13.68","19.99","1919.04","1313.28","19.99","1","6.31","C:\\Users\\abner\\OneDrive\\Documents\\Discover Supply\\kyte_images_optimized\\protex_sabonete_balance_saudavel_c_12.webp"
"","Protex Sabonete Aveia 3.9oz - c/12","Higiene Pessoal","unit","92",0,"13.68","19.99","1839.08","1258.56","39.98","2","12.62","C:\\Users\\abner\\OneDrive\\Documents\\Discover Supply\\kyte_images_optimized\\protex_sabonete_aveia_3_9oz___c_12.webp"
"","Protex Sabonete Limpeza Saudavel 3.9oz - c/12","Higiene Pessoal","unit","0",0,"13.68","19.99","0","0",0,0,0,"C:\\Users\\abner\\OneDrive\\Documents\\Discover Supply\\kyte_images_optimized\\protex_sabonete_limpeza_saudavel_3_9oz___c_12.webp"
"","Saimed Pomada antibiótico Gentamicina B. Clotrimazol Creme 30g","Farmácia ","unit","0",0,"5.1","9.9","0","0","29.7","3","14.4","C:\\Users\\abner\\OneDrive\\Documents\\Discover Supply\\kyte_images_optimized\\saimed_pomada_antibi_tico_gentamicina_b__clotrimazol_creme_30g.webp"
"","Natura Farma Colágeno c/ Biotina 100/1 cap","","unit","16",0,"11.89","16.9","270.4","190.24","16.9","1","5.01","C:\\Users\\abner\\OneDrive\\Documents\\Discover Supply\\kyte_images_optimized\\natura_farma_col_geno_c__biotina_100_1_cap.webp"
"","Estomazil Laranja com 50 envelopes","Farmácia ","unit","0",0,"75","99","0","0","792","8","192","C:\\Users\\abner\\OneDrive\\Documents\\Discover Supply\\kyte_images_optimized\\estomazil_laranja_com_50_envelopes.webp"
"","Eno Abacaxi 30 envelope ","","unit","0",0,"30","49.9","0","0",0,0,0,""
"","Eno Laranja 30 envelope ","Farmácia ","unit","0",0,"30","49.9","0","0",0,0,0,""
"","Resfenol cartela com 20 comp.","Farmácia ","unit","54",0,"8","12.9","696.6","432","845.6","64","333.6","C:\\Users\\abner\\OneDrive\\Documents\\Discover Supply\\kyte_images_optimized\\resfenol_cartela_com_20_comp_.webp"
"","Dfx com 30 cartela","Farmácia ","unit","20",0,"80","132","2640","1600","5,542","42","2,182",""
"","Izomax Cetoconozol Creme 30mg - unidade","Farmácia ","unit","18",0,"10","16.9","304.2","180","236.6","14","96.6","C:\\Users\\abner\\OneDrive\\Documents\\Discover Supply\\kyte_images_optimized\\izomax_cetoconozol_creme_30mg___unidade.webp"
"","Nsdna cx c/50 Blister  4/comp ","Farmácia ","unit","0",0,"140","196","0","0",0,0,0,""
"","Eno Limão com 30 envelope","Farmácia ","unit","0",0,"30","49.9","0","0",0,0,0,"C:\\Users\\abner\\OneDrive\\Documents\\Discover Supply\\kyte_images_optimized\\eno_lim_o_com_30_envelope.webp"
"","Boldobeba com 60","Farmácia ","unit","21",0,"25","38.9","816.9","525","972.52","27","297.52","C:\\Users\\abner\\OneDrive\\Documents\\Discover Supply\\kyte_images_optimized\\boldobeba_com_60.webp"
"","Resfenol cartela com 5 caixa com 40 cartelas","","unit","0",0,"96","144","0","0",0,0,0,"C:\\Users\\abner\\OneDrive\\Documents\\Discover Supply\\kyte_images_optimized\\resfenol_cartela_com_5_caixa_com_40_cartelas.webp"
"","Nebacetin Pomada","Farmácia ","unit","0",0,"9","13.5","0","0","81","6","27","C:\\Users\\abner\\OneDrive\\Documents\\Discover Supply\\kyte_images_optimized\\nebacetin_pomada.webp"
"","Manteiga de Cascavel ","Farmácia ","unit","70",0,"5","7.5","525","350",0,0,0,""
"","Pomada Negra 200ml","Farmácia ","unit","12",0,"6","8.9","106.800","72",0,0,0,"C:\\Users\\abner\\OneDrive\\Documents\\Discover Supply\\kyte_images_optimized\\pomada_negra_200ml.webp"
"","Óleo de Copaíba com 12 unidades ","Farmácia ","unit","0",0,"12","19.99","0","0","19.99","1","7.99",""
"","Tslx c/3 Cartela","Farmácia ","unit","0",0,"18","29.9","0","0","1,524.9","51","606.9",""
"","Canecão 1.5 lts cabo de plástico","Cozinha ","unit","3",0,"7.29","7.29","21.87","21.87","182.25","25",0,"C:\\Users\\abner\\OneDrive\\Documents\\Discover Supply\\kyte_images_optimized\\canec_o_1_5_lts_cabo_de_pl_stico.webp"
"","Bngp.  com 25 cartela","Farmácia ","unit","19",0,"130","130","2470","2470","2,860","22",0,""
"","Palito de Unhas Paraju Chanfrado c/100","Produtos de Unha ","unit","5",0,"57.59","78.72","393.6","287.950",0,0,0,"C:\\Users\\abner\\OneDrive\\Documents\\Discover Supply\\kyte_images_optimized\\palito_de_unhas_paraju_chanfrado_c_100.webp"
"","Skala Creme Café Verde e Ucuuba 1Kg","","unit","0",0,"17.99","20.9","0","0","192.49","10","12.59","C:\\Users\\abner\\OneDrive\\Documents\\Discover Supply\\kyte_images_optimized\\skala_creme_caf__verde_e_ucuuba_1kg.webp"
"","Sudagrip - c/100 cap","","unit","0",0,"23","34.5","0","0","172.5","5","57.5","C:\\Users\\abner\\OneDrive\\Documents\\Discover Supply\\kyte_images_optimized\\sudagrip___c_100_cap.webp"
"","Sudagrip - chá c/25 Sachê ","","unit","0",0,"25","37.5","0","0","187.5","5","62.5",""
"","Capilo Hand Sanitizer 8oz","","unit","84",0,"2.05","3.29","276.36","172.2",0,0,0,"C:\\Users\\abner\\OneDrive\\Documents\\Discover Supply\\kyte_images_optimized\\capilo_hand_sanitizer_8oz.webp"
"","Resfregrip Sinus 24 comprimidos","Farmácia ","unit","0",0,"8","13.9","0","0","1,086.1","79","454.1","C:\\Users\\abner\\OneDrive\\Documents\\Discover Supply\\kyte_images_optimized\\resfregrip_sinus_24_comprimidos.webp"
"","Buprovil Ibuprofeno 600mg","Farmácia ","unit","315",0,"8","12.9","4063.5","2520","1,393.2","108","529.2","C:\\Users\\abner\\OneDrive\\Documents\\Discover Supply\\kyte_images_optimized\\buprovil_ibuprofeno_600mg.webp"
"","Pomada Cimecorte","Farmácia ","unit","52",0,"14","19.75","1027","728","296.25","15","86.25","C:\\Users\\abner\\OneDrive\\Documents\\Discover Supply\\kyte_images_optimized\\pomada_cimecorte.webp"
"","Rosa Mosqueta Óleo - Avvio - unidade","Óleo ","unit","460",0,"6","8.49","3905.4","2760","50.94","6","14.94","C:\\Users\\abner\\OneDrive\\Documents\\Discover Supply\\kyte_images_optimized\\rosa_mosqueta__leo___avvio___unidade.webp"
"","Manteiga de Cacau Trol","Farmácia ","unit","53",0,"38","56.95","3018.350","2014",0,0,0,"C:\\Users\\abner\\OneDrive\\Documents\\Discover Supply\\kyte_images_optimized\\manteiga_de_cacau_trol.webp"
"","Passiflora Aurelia/Maracujá","Farmácia ","unit","78",0,"8","12.9","1006.2","624","348.3","27","132.3","C:\\Users\\abner\\OneDrive\\Documents\\Discover Supply\\kyte_images_optimized\\passiflora_aurelia_maracuj_.webp"
"","Aberalgina Dipirona Gotas","Farmácia ","unit","0",0,"6","9.9","0","0","594","60","234","C:\\Users\\abner\\OneDrive\\Documents\\Discover Supply\\kyte_images_optimized\\aberalgina_dipirona_gotas.webp"
"","Vitamina B12 Concentrada 60 cápsulas","Suplementos ","unit","123",0,"8","12.95","1592.85","984","401.46","32","145.46","C:\\Users\\abner\\OneDrive\\Documents\\Discover Supply\\kyte_images_optimized\\vitamina_b12_concentrada_60_c_psulas.webp"
"","Vitamina Black Horse Midnight 30 comprimidos ","Farmácia ","unit","177",0,"12","17.95","3177.15","2124","53.85","3","17.85",""
"","Dove Desodorante Classic Stick 50ml c/12","","unit","0",0,"14.76","22.95","0","0","109.75","4","37.47","C:\\Users\\abner\\OneDrive\\Documents\\Discover Supply\\kyte_images_optimized\\dove_desodorante_classic_stick_50ml_c_12.webp"
"","Dove Desodorante Fresh Care Stick 50ml c/12","","unit","3",0,"14.76","22.95","68.85","44.28","45.9","2","16.38","C:\\Users\\abner\\OneDrive\\Documents\\Discover Supply\\kyte_images_optimized\\dove_desodorante_fresh_care_stick_50ml_c_12.webp"
"","Dove Desodorante Men Care Stick 50ml - c/12","Desodorante ","unit","0",0,"26.16","39.9","0","0","199.5","5","68.7","C:\\Users\\abner\\OneDrive\\Documents\\Discover Supply\\kyte_images_optimized\\dove_desodorante_men_care_stick_50ml___c_12.webp"
"","Dove Roll-On Cucumber 40ml - c/12","","unit","10",0,"14.76","22.95","229.5","147.6","86.8","3","29.28","C:\\Users\\abner\\OneDrive\\Documents\\Discover Supply\\kyte_images_optimized\\dove_roll_on_cucumber_40ml___c_12.webp"
"","Xarope Dexmine 120ml","Farmácia ","unit","60",0,"12","16.8","1008","720","201.6","12","57.6","C:\\Users\\abner\\OneDrive\\Documents\\Discover Supply\\kyte_images_optimized\\xarope_dexmine_120ml.webp"
"","Dove Desodorante Invisible Dry Stick 40 ml c/12","Desodorante ","unit","15",0,"26.16","39.9","598.5","392.4",0,0,0,"C:\\Users\\abner\\OneDrive\\Documents\\Discover Supply\\kyte_images_optimized\\dove_desodorante_invisible_dry_stick_40_ml_c_12.webp"
"","Dove Roll-On Sensitive 40ml- c/12","","unit","18",0,"14.76","22.95","413.099","265.68","45.9","2","16.38","C:\\Users\\abner\\OneDrive\\Documents\\Discover Supply\\kyte_images_optimized\\dove_roll_on_sensitive_40ml__c_12.webp"
"","Dove Roll-On Original 40ml- c/12","","unit","14",0,"14.76","22.95","321.3","206.64","91.8","4","32.76","C:\\Users\\abner\\OneDrive\\Documents\\Discover Supply\\kyte_images_optimized\\dove_roll_on_original_40ml__c_12.webp"
"","Dove Roll-On Invisible Dry 40ml- c/12","","unit","19",0,"14.76","22.95","436.05","280.44","22.95","1","8.19","C:\\Users\\abner\\OneDrive\\Documents\\Discover Supply\\kyte_images_optimized\\dove_roll_on_invisible_dry_40ml__c_12.webp"
"","Bálsamo Colmavit c/12","","unit","","","25","34.9","","","34.9","1","9.9",""
"","Maracugina Comprimido c/20","","unit","6",0,"18","25.25","151.5","108","101","4","29","C:\\Users\\abner\\OneDrive\\Documents\\Discover Supply\\kyte_images_optimized\\maracugina_comprimido_c_20.webp"
"","Maracugina Xarope 150ml","","unit","0",0,"18","25.45","0","0","101.8","4","29.8","C:\\Users\\abner\\OneDrive\\Documents\\Discover Supply\\kyte_images_optimized\\maracugina_xarope_150ml.webp"
"","Seakalm Maracujá - Dia-c/20","","unit","7",0,"12","17.9","125.299","84","89.5","5","29.5","C:\\Users\\abner\\OneDrive\\Documents\\Discover Supply\\kyte_images_optimized\\seakalm_maracuj____dia_c_20.webp"
"","Seakalm Maracujá - Noite-c/20","","unit","6",0,"12","17.9","107.399","72","89.5","5","29.5","C:\\Users\\abner\\OneDrive\\Documents\\Discover Supply\\kyte_images_optimized\\seakalm_maracuj____noite_c_20.webp"
"","Belfaren Gel 10mg - unidade","Farmácia ","unit","5",0,"6","9.9","49.5","30","19.8","2","7.8","C:\\Users\\abner\\OneDrive\\Documents\\Discover Supply\\kyte_images_optimized\\belfaren_gel_10mg___unidade.webp"
"","Ritmoneuran Passiflora (Maracujá)","Farmácia ","unit","4",0,"12","17.9","71.6","48","214.8","12","70.8","C:\\Users\\abner\\OneDrive\\Documents\\Discover Supply\\kyte_images_optimized\\ritmoneuran_passiflora__maracuj__.webp"
"","Guacoflus Guaco Xarope 150 mL","","unit","14",0,"6","9.9","138.6","84","653.4","66","257.4","C:\\Users\\abner\\OneDrive\\Documents\\Discover Supply\\kyte_images_optimized\\guacoflus_guaco_xarope_150_ml.webp"
"","Baldoni Extrato de Própolis Própolis Silvestre 30ml","","unit","0",0,"3.5","5.25","0","0","26.25","5","8.75","C:\\Users\\abner\\OneDrive\\Documents\\Discover Supply\\kyte_images_optimized\\baldoni_extrato_de_pr_polis_pr_polis_silvestre_30ml.webp"
"","Dove Men+Care Energising Antitranspirante 150ml-c/12","","unit","13",0,"27","40.95","532.35","351","286.65","7","97.65","C:\\Users\\abner\\OneDrive\\Documents\\Discover Supply\\kyte_images_optimized\\dove_men_care_energising_antitranspirante_150ml_c_12.webp"
"","Dove Pink - Sabonete em Barra c/12","Higiene Pessoal","unit","5",0,"10.5","15.75","78.75","52.5","63","4","21","C:\\Users\\abner\\OneDrive\\Documents\\Discover Supply\\kyte_images_optimized\\dove_pink___sabonete_em_barra_c_12.webp"
"","Dove Men+Care Classic Antitranspirante Spray 150ml c/12","Desodorante ","unit","5",0,"27","40.5","202.5","135","486","12","162","C:\\Users\\abner\\OneDrive\\Documents\\Discover Supply\\kyte_images_optimized\\dove_men_care_classic_antitranspirante_spray_150ml_c_12.webp"
"","Close-Up Creme Dental Ultra Cinnamon Flavor Blast Toothpaste 4.0 oz c/12","Higiene Pessoal","unit","20",0,"12.5","18.75","375","250",0,0,0,"C:\\Users\\abner\\OneDrive\\Documents\\Discover Supply\\kyte_images_optimized\\close_up_creme_dental_ultra_cinnamon_flavor_blast_toothpaste_4_0_oz_c_12.webp"
"","Colgate Creme Dental Regular 2.5oz c/12","Higiene Pessoal","unit","24",0,"10.75","16.45","394.799","258","49.35","3","17.1","C:\\Users\\abner\\OneDrive\\Documents\\Discover Supply\\kyte_images_optimized\\colgate_creme_dental_regular_2_5oz_c_12.webp"
"","Band-Aid Flexible Fabric Bandages 30 Count c/12","","unit","18",0,"15","21.9","394.2","270","43.8","2","13.8","C:\\Users\\abner\\OneDrive\\Documents\\Discover Supply\\kyte_images_optimized\\band_aid_flexible_fabric_bandages_30_count_c_12.webp"
"","Dove Original Sabonete White 135g c/12","Higiene Pessoal","unit","2",0,"10.5","15.75","31.5","21","110.25","7","36.75","C:\\Users\\abner\\OneDrive\\Documents\\Discover Supply\\kyte_images_optimized\\dove_original_sabonete_white_135g_c_12.webp"
"","Dove Men+Care Fresh Antitranspirante 150ml  c/12","","unit","11",0,"27","40.5","445.5","297","324","8","108","C:\\Users\\abner\\OneDrive\\Documents\\Discover Supply\\kyte_images_optimized\\dove_men_care_fresh_antitranspirante_150ml__c_12.webp"
"","Tylenol Sinus Severe 50 Pouches","Farmácia","unit","1",0,"18.5","27.75","27.75","18.5","305.25","11","101.75","C:\\Users\\abner\\OneDrive\\Documents\\Discover Supply\\kyte_images_optimized\\tylenol_sinus_severe_50_pouches.webp"
"","Bubbaloo Banana Gum 47 Pieces","Balas","unit","35",0,"3.8","5.8","203","133","23.2","4","8","C:\\Users\\abner\\OneDrive\\Documents\\Discover Supply\\kyte_images_optimized\\bubbaloo_banana_gum_47_pieces.webp"
"","Halls Extra Strong Menthol Lozenges","Farmácia","unit","11",0,"13.5","18.9","207.899","148.5","170.1","9","48.6","C:\\Users\\abner\\OneDrive\\Documents\\Discover Supply\\kyte_images_optimized\\halls_extra_strong_menthol_lozenges.webp"
"","Escova de Boldo Para Cabelo c/12","","unit","20",0,"4.75","7.15","143","95",0,0,0,"C:\\Users\\abner\\OneDrive\\Documents\\Discover Supply\\kyte_images_optimized\\escova_de_boldo_para_cabelo_c_12.webp"
"","Velas de Aniversario Sortidas c/24 unidades","Diversos","unit","20",0,"5.72","7.99","159.8","114.399",0,0,0,"C:\\Users\\abner\\OneDrive\\Documents\\Discover Supply\\kyte_images_optimized\\velas_de_aniversario_sortidas_c_24_unidades.webp"
"","Gillette Blue II Plus Disposable Razors c/12","Higiene Pessoal","unit","9",0,"10.5","14.95","134.549","94.5","29.9","2","8.9","C:\\Users\\abner\\OneDrive\\Documents\\Discover Supply\\kyte_images_optimized\\gillette_blue_ii_plus_disposable_razors_c_12.webp"
"","Halls Strawberry Flavor Menthol Cough Suppressant Drops","Farmácia","unit","5",0,"13.5","18.9","94.5","67.5","18.9","1","5.4","C:\\Users\\abner\\OneDrive\\Documents\\Discover Supply\\kyte_images_optimized\\halls_strawberry_flavor_menthol_cough_suppressant_drops.webp"
"","Halls Relief Mentho-Lyptus Flavor Cough Suppressant Drops c/20","Farmácia","unit","8",0,"13.5","18.9","151.2","108","18.9","1","5.4","C:\\Users\\abner\\OneDrive\\Documents\\Discover Supply\\kyte_images_optimized\\halls_relief_mentho_lyptus_flavor_cough_suppressant_drops_c_20.webp"
"","Reynolds Wrap Aluminum Foil 25 Sq Ft - c/12","","unit","6",0,"21","29.9","179.399","126","29.9","1","8.9","C:\\Users\\abner\\OneDrive\\Documents\\Discover Supply\\kyte_images_optimized\\reynolds_wrap_aluminum_foil_25_sq_ft___c_12.webp"
"","Colgate Creme Dental Triple Action  2.5oz c/12","Higiene Pessoal","unit","25",0,"10.45","16.45","411.25","261.25","32.9","2","12","C:\\Users\\abner\\OneDrive\\Documents\\Discover Supply\\kyte_images_optimized\\colgate_creme_dental_triple_action__2_5oz_c_12.webp"
"","Emergen-C 1000mg Vitamin C Tangerine c/30","","unit","14",0,"10.5","15.75","220.5","147","47.25","3","15.75","C:\\Users\\abner\\OneDrive\\Documents\\Discover Supply\\kyte_images_optimized\\emergen_c_1000mg_vitamin_c_tangerine_c_30.webp"
"","Halls Mentho-Lyptus Honey Lemon Cough Drops c/20","Farmácia","unit","7",0,"13.5","18.9","132.299","94.5","56.7","3","16.2","C:\\Users\\abner\\OneDrive\\Documents\\Discover Supply\\kyte_images_optimized\\halls_mentho_lyptus_honey_lemon_cough_drops_c_20.webp"
"","ChapStick Classic Original Lip Balm 12-Count","Higiene Pessoal","unit","13",0,"15.25","21.9","284.7","198.25","43.8","2","13.3","C:\\Users\\abner\\OneDrive\\Documents\\Discover Supply\\kyte_images_optimized\\chapstick_classic_original_lip_balm_12_count.webp"
"","Dove Spray Care Go Fresh Passion Fruit & Lemongrass 250ml c/12","Desodorante","unit","0",0,"34","48.9","0","0","293.4","6","89.4","C:\\Users\\abner\\OneDrive\\Documents\\Discover Supply\\kyte_images_optimized\\dove_spray_care_go_fresh_passion_fruit___lemongrass_250ml_c_12.webp"
"","Dove Spray Care Coconut & Jasmine Flower /250mL c/12","Desodorante","unit","9",0,"34","48.9","440.099","306","440.1","9","134.1","C:\\Users\\abner\\OneDrive\\Documents\\Discover Supply\\kyte_images_optimized\\dove_spray_care_coconut___jasmine_flower__250ml_c_12.webp"
"","Dove Spray Go Fresh Pear & Aloe Vera 250mL c/12","Desodorante","unit","0",0,"34","48.9","0","0","244.5","5","74.5","C:\\Users\\abner\\OneDrive\\Documents\\Discover Supply\\kyte_images_optimized\\dove_spray_go_fresh_pear___aloe_vera_250ml_c_12.webp"
"","Estomazil Guaraná","Farmácia","unit","5",0,"72","99.9","499.5","360","399.6","4","111.6","C:\\Users\\abner\\OneDrive\\Documents\\Discover Supply\\kyte_images_optimized\\estomazil_guaran_.webp"
"","Baldoni Própolis  e Gengibre Spray c/12","","unit","10",0,"48","69","690","480","138","2","42",""
"","Baldoni Própolis e Romã c/12","","unit","11",0,"48","69","759","528","46","1","-2",""
"","Buprovil Ibuprofeno 100mg/mL 20mL","Farmácia","unit","13",0,"80","12.9","167.700","1040","90.3","7","-469.7","C:\\Users\\abner\\OneDrive\\Documents\\Discover Supply\\kyte_images_optimized\\buprovil_ibuprofeno_100mg_ml_20ml.webp"
"","Ideal Essência de Eucalipto 100ml. C/12","Ideal","unit","5",0,"55.24","75.49","377.45","276.2",0,0,0,"C:\\Users\\abner\\OneDrive\\Documents\\Discover Supply\\kyte_images_optimized\\ideal_ess_ncia_de_eucalipto_100ml__c_12.webp"
"","Rapé Tupi Real Latinha","","unit","28",0,"20","30","840","560","420","14","140",""
"","Rapé Tupi Cravo Latinha","","unit","28",0,"20","30","840","560","420","14","140",""
"","Rapé Tupi Imburana latinha","","unit","33",0,"20","30","990","660","270","9","90",""
"","Fumo Sabiá ","","unit","50",0,"80","115","5750","4000",0,0,0,""
"","Ambroxmel Própolis Spray c/12","","unit","0",0,"48","69","0","0","138","2","42",""
"","Rapé Xingú Ryal Cacau","","unit","20",0,"20","30","600","400","150","5","50",""
"","Rapé Xingu Imbuana da Mata","","unit","0",0,"20","30","0","0",0,0,0,""
"","Rapé Xingú Mentolado","","unit","0",0,"20","30","0","0","60","2","20",""
"","Rapé Xingú Morango","","unit","0",0,"20","30","0","0","90","3","30",""